0	3rr2k/2R2pp1/4pn1p/p7/P2n1B2/3P2Q1/1P3P1P/4R1K1 b - - 10 30	0.5
0	4r2k/3n1pp1/4p2p/p7/P2n1BQ1/3P4/1P3P1P/4R1K1 b - - 1 32	0.5
1	r5kr/p1Q2p1p/1p2pnp1/4R3/2B5/2P4P/PP3PK1/3R4 b - - 0 20	0.5
1	4r1kr/p4p2/1p1Qpnpp/4R3/P1B5/2P4P/1P3PK1/3R4 b - - 0 22	0.5
1	5rkr/p4p2/Pp4Bp/3Q4/8/2P4P/1P3PK1/3R4 b - - 0 28	0.5
3	rn1q1rk1/p2pppbp/2p2np1/1b2N3/3P1P2/P1N1P2P/1PP3P1/R1BQK2R b KQ - 0 9	0.5
3	r3qrk1/p2nppbp/2N2np1/1p1p4/3P1P2/P3P2P/1PPB2P1/R2Q1RK1 b - - 3 13	0.5
3	r6k/p4R1p/4n1p1/1p1Q4/4n3/P6P/1PP3PK/R7 b - - 0 21	0.5
3	4r2k/p4Rnp/6p1/1p6/3Q4/P6P/1PP3PK/R7 b - - 2 23	0.5
3	6rk/R5n1/5Qpp/1p6/8/P6P/1PP3PK/R7 b - - 1 25	0.5
3	8/6R1/4k3/1p6/3Q4/P6P/1PP4K/8 b - - 2 33	0.5
4	2r1kb1r/ppq2ppp/4pn2/5b2/2Nn4/3P4/PPP1PPPP/R2QKB1R w KQk - 0 10	0.0
4	2r2rk1/pp3ppp/4pnb1/8/3PP3/4qPbP/PPB3P1/1K1Q4 w - - 2 22	0.0
4	2r2rk1/pp3ppp/4pnb1/8/B2PP3/5PbP/PP4q1/K2Q4 w - - 0 24	0.0
6	5r2/p1N2pkp/2p5/4R3/3b4/1q1N4/1P1R2PP/4K3 w - - 4 32	0.5
7	2bqkb1r/1p1p1p1p/2n2p2/p1p5/2P1P3/2N2N1P/PP3PP1/R2K1B1R b k - 3 11	0.5
7	2bqkb1r/1p1p1p1p/5p2/p2N4/2PpP3/7P/PP3PP1/R2K1B1R b k - 1 13	0.5
10	r3r3/ppp3kp/2n2n2/6q1/2B5/2N2P2/PPP2PPP/3R1RK1 w - - 7 14	0.0
10	3rr3/ppp3k1/7p/8/P2n1q2/3B1P2/1PP2PPP/3R1RK1 w - - 2 20	0.0
11	3q1rk1/2p1n1pp/2n2p2/1p1ppb2/1b6/2NPB1PN/1PP1PP1P/Q2RKB1R w K - 1 12	0.5
11	5rk1/2p3pp/2n2pn1/1p1qpb2/1b6/2NPB1PN/1PP1PP1P/Q2RK2R w K - 0 14	0.5
12	r2qkb2/ppp1ppp1/2n2n2/8/1P3rb1/P2B1N2/2PN1PPP/R1B2RK1 w q - 8 11	0.0
12	r4b2/ppp1pkp1/2n2n2/3q4/1P3rb1/P2B4/2PN1PPP/R1B2RK1 w - - 0 13	0.0
12	r4b2/ppp2kp1/5n2/3qn3/1P3rb1/P2B4/2PN1PPP/R1B3K1 w - - 0 15	0.0
15	4kb2/pp2p1p1/7r/2rn4/6P1/2P4P/PPn1PP2/R4RK1 w - - 1 16	0.5
15	4kb2/pp2p1p1/8/2r5/5nP1/2P4r/PPR1PP2/5RK1 w - - 0 18	0.5
17	1n2kb1r/1pp1pppp/8/3p1n2/8/2PP1PPN/4PK1P/1r3B1R w k - 2 13	0.0
17	4r1k1/1pp2ppp/2n5/3p2P1/3P4/2P5/1r2PK2/3R4 w - - 1 23	0.0
17	6k1/1pp2ppp/2n5/3p2r1/3P4/2P5/1r2P2K/4R3 w - - 0 27	0.0
17	3n2k1/1pp2ppp/8/3p4/3P4/2P3r1/1r2P3/R6K w - - 4 29	0.0
17	6k1/1pp2ppp/4n3/3p4/3P4/2r5/1r2P2K/4R3 w - - 2 31	0.0
17	6k1/1pp2ppp/8/3p4/8/2r5/1rn1P3/4RK2 w - - 2 33	0.0
17	6k1/1pp2ppp/8/3p4/8/4r3/1r2P3/4K3 w - - 1 35	0.0
20	4R3/5pk1/8/p7/1p6/3B4/PPPK1P2/7r w - - 0 26	0.5
20	7k/5p2/8/p7/1p6/3B4/PPP1KP2/8 w - - 0 28	0.5
20	8/5pk1/8/2P5/pp6/3B4/PP2KP2/8 w - - 1 30	0.5
20	2Q5/8/8/4kB2/8/PP6/4KP2/8 w - - 1 36	0.5
21	3Q1b1r/4pkpp/1pB2p1n/p7/8/2N2N2/RPP2PPP/4K2R b K - 1 16	1.0
21	5bkr/6pp/1QB2p1n/R3p3/8/2N2N2/1PP2PPP/4K2R b K - 0 18	1.0
21	R4bkr/5np1/1QB2p1p/4p3/8/2N2N2/1PP2PPP/5RK1 b - - 1 20	1.0
21	7k/8/6Q1/7p/8/2N2B2/1PP2PPP/5RK1 b - - 0 28	1.0
22	r1bq2k1/ppp2r1p/1n4p1/2p1p3/4P3/5PN1/PP1P2PP/R1BQKR2 w Q - 0 13	0.5
27	r1b1kb1r/1pp1p1pp/2nq1n2/p4p2/3P4/2N2N1P/PPP2PPR/R1BQKB2 w Qkq - 1 8	0.5
27	3rkb1r/1pp1p1pp/2n2n2/p4q2/3P4/2N2N1P/PPP2PPR/R2QK3 w Qk - 0 12	0.5
27	3rkb1r/1pp1p1pp/2n2n2/p7/3P1q1P/2N5/PPP2PPR/R2QK3 w Qk - 1 14	0.5
27	3r1rk1/1pp1b1pp/2n5/p3p3/6qP/2N3P1/PPP2PR1/R5K1 w - - 2 20	0.5
27	5rk1/1pp1b1pp/8/p3p3/3n3P/6P1/PPP2PKR/3q4 w - - 4 26	0.5
27	6k1/1pp1b1pp/8/p3p2P/2Pn4/5rP1/PP3PKR/4q3 w - - 1 28	0.5
27	6k1/1pp1b1pp/8/p3p2P/2Pn4/6PK/PP3rR1/5q2 w - - 0 32	0.5
28	r4rk1/ppq2ppp/8/2b2P2/2n5/5P2/PPP3PP/R1B2KNR w - - 0 14	0.0
28	r4rk1/pp3ppp/8/2b2q2/2n2B2/5P2/PPP1N1PP/R4K1R w - - 0 16	0.0
28	4rrk1/1p3p1p/8/2b5/p1P5/2P2P1P/P2qN1P1/4RK1R w - - 1 22	0.0
28	5rk1/1p3p1p/8/2b2P2/2P1r3/p1P4P/P2qN1P1/4RK1R w - - 1 24	0.0
28	6k1/1p3p1p/5P2/2b5/2P1r3/p1Pr2PP/P2qN3/4RK1R w - - 1 26	0.0
29	R7/2p2p1k/2pb2p1/8/8/5NP1/2P2P2/5K2 w - - 1 28	0.5
30	r4rk1/ppp2ppp/3bbn2/2n5/8/2N2N2/PPPBPPPP/1K1R1B1R w - - 8 10	0.5
30	2r3k1/p4ppp/1pBR4/8/8/4P2P/PPP1P3/1K6 w - - 2 22	0.5
30	3r4/R4Bpk/1p6/8/7p/4P2P/PPP1P3/1K6 w - - 1 26	0.5
31	4k3/8/N1p3p1/3p4/1q6/7P/5PK1/8 b - - 0 32	0.5
32	8/6pp/2R5/6bk/4P3/4n3/7r/6K1 b - - 5 35	0.5
33	2b3k1/p5p1/2p5/5p2/P1P1p2N/4P2P/6P1/3K1B1R b - - 0 28	0.5
35	r3kb1r/pp2p1pp/2n1bn2/2P2p2/5P2/2P1BNP1/PP1N3P/R3KB1R w KQ - 5 11	0.5
36	5knr/rpp3pp/4Pq2/6p1/2NbP3/8/PP4PP/R3KB1R w KQ - 0 15	0.0
36	5knr/rp4pp/3pPq2/6p1/4P3/8/PP4PP/R3KBb1 w Q - 0 17	0.0
36	5k1r/rp2n1pp/3p4/2b3p1/4P3/5B2/Pq4PP/R4K2 w - - 0 21	0.0
39	3r2k1/2B2ppp/2p5/p1b5/8/5P2/PPP1K1nP/R1Q4R b - - 0 20	0.5
39	6k1/2B2ppp/8/3p4/p7/4bP2/PPP1K1nP/R6Q b - - 1 26	0.5
39	2Q2bk1/5ppp/8/3p4/p7/5P2/PPP1K2P/6R1 b - - 5 30	0.5
39	2Q2bk1/5p1p/6p1/1P1p4/8/p4P2/P1P1K2P/6R1 b - - 0 32	0.5
39	2Q2bk1/5p1p/1P4p1/8/8/p2P1P2/P3K2P/6R1 b - - 0 34	0.5
39	1QQ2bk1/5p2/6p1/8/7p/p2P1P2/P3K2P/6R1 b - - 0 36	0.5
40	r3kr2/4pp2/1Pp3p1/2B3R1/2B5/2b2b1p/2P2P1P/2R3K1 b - - 0 31	0.5
41	2r1k3/ppp3p1/3n4/8/1P2nq2/P7/1K6/3R4 b - - 3 29	0.5
41	2r1k3/ppp3p1/8/8/PPn1n3/4q3/2K5/3R4 b - - 2 31	0.5
42	1k5r/p3Rpp1/2pn4/2n5/8/2N5/PPP1BPK1/7r b - - 3 24	0.5
42	1k5r/p3Rpp1/2pn4/2n5/6B1/2N2K2/PPP2P2/7r b - - 11 28	0.5
42	1k5r/p7/2pn4/2n5/6R1/2N2K2/PPP2P2/7r b - - 0 30	0.5
42	1k6/p7/2pn4/2n5/6R1/2N3K1/PPP2P2/4r2r b - - 4 32	0.5
45	r3k2r/pppb1ppp/1bn5/4P3/1P6/2P2N2/P5PP/RNB1KB1R w KQkq - 1 13	0.5
45	4r1k1/ppp3p1/2n5/4P1N1/1Pb2B2/2P5/P2K1bPP/R3R3 w - - 2 23	0.5
46	r1bk1b1r/ppp2ppp/2n2n2/4p1B1/2P5/2N2N2/PP2PPPP/R3KB1R b KQ - 5 7	0.5
46	3r4/p1P1Rpkp/1p6/1B1p4/3P4/8/1PK2P1P/r7 b - - 0 27	0.5
46	2B5/p1P2k1p/1p6/3p4/3P4/8/1PK2P1P/r7 b - - 0 31	0.5
47	3rk2r/p2p1ppp/2bb4/8/3PP1n1/2N1BN2/PPP2PPP/4RRK1 w - - 2 15	0.0
48	5rk1/3b3p/2Npp3/2p3b1/2P3p1/2Nn4/PP1P2BP/R1BK4 w - - 3 19	0.0
48	6k1/7p/3pb3/2pN2b1/P1P3p1/3n4/1P1P3r/R1BK4 w - - 0 23	0.0
48	6k1/4b2p/3pb3/2p5/P1P5/1P1n2p1/3P3r/R1BK4 w - - 0 25	0.0
49	3rk2r/pp2ppbp/2n5/7P/2bP1q2/5N2/PPP2PP1/R2QK2R w KQk - 0 14	0.0
50	r4rk1/1pp2pp1/8/p6p/6n1/P4NK1/1P2P2P/RNB2B1R w - - 0 15	0.5
50	3r1rk1/1p3pp1/8/p1p4p/5Bn1/P1N2NK1/1P2P2P/R4B1R w - - 0 17	0.5
51	3rkb1r/pb2pppp/2p5/2n2QB1/8/5N2/PPP2PPP/R3K2R b KQk - 2 11	0.5
51	6k1/p2rp1bp/2N3p1/8/3pp3/8/PPP2PPP/4R1K1 b - - 3 25	0.5
52	5k1r/pp6/3q1p1p/3p4/b2P4/5N2/2P2PPP/4R1K1 w - - 0 29	0.5
53	8/R5pp/5k2/8/2n1b2P/6K1/3r4/8 b - - 0 31	0.5
53	8/R5pp/5k2/5n2/7r/8/5K2/8 b - - 1 35	0.5
55	r4b1r/ppp1pkpp/2nq4/5b2/3P2n1/2N2N2/PPP2PPP/R1BQ1RK1 w - - 2 9	0.0
55	r4bk1/ppp3p1/8/5b1r/5Kn1/2N3P1/PPP2P1P/R4R2 w - - 1 17	0.0
55	4r1k1/ppp3p1/3b4/5b1r/6nP/2N2KP1/PPP2P2/R4R2 w - - 3 19	0.0
55	4r1k1/ppp3p1/3b4/3r4/6nP/6P1/PPb2PK1/R4R2 w - - 0 21	0.0
55	6k1/ppp3p1/8/8/2r4P/4n3/PP1r4/6K1 w - - 0 29	0.0
56	8/1k1r2p1/R7/2B4p/2PP4/8/5PPP/6K1 w - - 3 29	0.5
57	2rqkb1r/pp1bp1pp/2p1pn2/3p2N1/3P1B1P/2NB4/P1Q2PP1/R3K2R b KQk - 9 12	1.0
57	2r1kb1r/pp1bp1pp/2p1pn2/3p2N1/3B3P/2NB4/P1Q2PP1/R3K2R b KQk - 0 14	1.0
57	2r1kb1r/pp1bp1pp/2p1pn2/3p2N1/3B3P/2NB4/P1Q2PP1/4RRK1 b - - 4 16	1.0
57	2r1kbr1/pp2p1pp/2p1Rn2/3p4/3B3P/2NB4/P1Q2PP1/5RK1 b - - 0 18	1.0
57	2Q2b1r/pp2pk1p/4Rp2/3p4/7P/3B4/P4PP1/2R3K1 b - - 2 22	1.0
57	4Qbk1/pp2pr2/4RpB1/3p4/7P/8/P4PP1/2R3K1 b - - 6 26	1.0
59	r6r/1p2bkpp/2n5/5b2/2N5/4PN2/PPP2PPP/R1B1K2R w KQ - 0 13	0.5
59	3r3r/1p2bkpp/1Nn5/8/8/4PN2/PPb2PPP/R1B2RK1 w - - 0 15	0.5
59	3rr3/1p2bkpp/1Nn5/8/8/3bPN2/PP1B1PPP/R3R1K1 w - - 4 17	0.5
59	1r2r1k1/1p4pp/2n5/2b3B1/2N1P3/3b1N2/PP3PPP/2R1R1K1 w - - 7 21	0.5
59	1r2r1k1/1p4pp/2n5/2b5/2N1P3/3b1N2/PP3PPP/2R1R1K1 w - - 0 23	0.5
59	4r1k1/1p2P1pp/8/3r4/2Nb4/3b4/PP3PPP/2R1R1K1 w - - 1 27	0.5
59	4r1k1/1b2P1pp/6r1/8/3b3P/4N3/PP3PP1/4R1K1 w - - 0 31	0.5
59	4r1k1/1b2P1pp/8/7r/8/6K1/Pb6/4R3 w - - 0 37	0.5
61	2krr3/ppp3pp/2n1bq2/3p4/6P1/5N1P/PP2PPB1/R1B2RK1 w - - 5 14	0.5
61	2kr4/ppp3pp/2n1b3/3p4/6P1/5N1P/Pq2PPB1/R4RK1 w - - 0 16	0.5
61	2kr4/ppp3pp/4b3/3p4/6P1/4PN1P/Pqn2PB1/R3R1K1 w - - 1 18	0.5
62	r1b1k2r/pppp1ppp/2nq4/2b5/4P3/1PP2N2/P4PPP/RNB1KB1R w KQkq - 1 8	0.0
62	r3r1k1/ppp3pp/2np3q/2b5/4P2P/1PP2NPb/PB1N1P2/R3R1K1 w - - 2 16	0.0
62	3rr1k1/ppp3pp/2npq3/2b5/4P2P/1PP2NPb/PB1N1P2/R3R1K1 w - - 6 18	0.0
62	4r1k1/ppp3pp/2n5/2bq4/3N1P1P/1PP3Pb/PB1N4/R5K1 w - - 0 22	0.0
63	1k5r/ppp2ppp/5n2/2b1N3/2N2p2/8/PPQ3PP/1K1R4 b - - 0 18	1.0
63	1k5r/ppp2Npp/5n2/2b2Q2/2N2p2/8/PP4PP/1K1R4 b - - 0 20	1.0
63	1k2r3/ppp2Npp/5n2/N1Q5/5p2/8/PP4PP/1K1R4 b - - 2 22	1.0
66	4kb1r/p1pbp1p1/5n1p/3P4/3P1p1P/2N2N2/PB3PP1/R2Q1RK1 w k - 0 13	1.0
67	7r/1p3kp1/2p1p3/2P5/p4P2/P5Rp/1P2KP1P/8 b - - 4 32	0.5
68	8/p7/1p2kbpp/3pp3/2p5/P1P1PKP1/5P1P/2R5 w - - 0 35	0.5
71	r3r1k1/ppp5/8/3p4/3Q4/2N5/P1b2PPP/R4R1K b - - 0 18	1.0
71	3Q4/pp6/2p1k3/7P/4r3/8/P4PP1/3R2K1 b - - 2 28	1.0
71	8/pp6/2p5/5Q1P/6Pk/8/P4PK1/4R3 b - - 0 34	1.0
73	1rb2b1r/p1p1pkp1/p7/5n2/3P4/2K5/PPP2q1P/RNBQ3R w - - 0 12	0.5
73	2b2b2/p1p1pkp1/p7/8/1r5r/4K3/PPP4P/RNB4R w - - 3 16	0.5
73	5bk1/p1p1p1p1/p3b3/8/1r5r/6K1/PPP4P/RNB4R w - - 7 18	0.5
73	5bk1/p1p1p1p1/p3b3/8/6r1/2N4r/PPP2K1P/R1B4R w - - 11 20	0.5
73	5bk1/p1p1p1p1/p7/8/2br4/2N5/PPPB1r1P/R2K3R w - - 19 24	0.5
73	5bk1/p1p3p1/p7/4p3/2b1r3/8/PPPB1r1P/RNK4R w - - 0 26	0.5
73	5bk1/p1p3p1/p7/4p3/2br4/2N5/PPPB3r/R1KR4 w - - 0 28	0.5
74	2r2rk1/p4ppp/8/2ppRn2/8/5N2/PPP3PP/2KR4 b - - 0 23	0.5
74	3r2k1/p4ppp/8/2pnN3/6R1/8/PPP3PP/2K5 b - - 3 29	0.5
75	3k4/B1p3p1/4p2p/4Pp2/1b3P2/6P1/P3K2P/8 w - - 1 32	0.5
76	3rk2r/Q4ppp/2pppn2/8/4p3/7P/PPP2P1P/R1B2RK1 b k - 0 13	1.0
76	3r1rk1/4Qppp/3ppn2/2p5/4p3/4B2P/PPP2P1P/R4RK1 b - - 1 15	1.0
78	3rkb1r/p1p2p1p/5p2/8/1pbN4/4B3/PP2PPPP/4KB1R w Kk - 2 15	0.5
78	3k3r/p1p2p1p/5p2/3b4/1p6/1P2P3/P3P1PP/4KB1R w K - 0 19	0.5
78	4r3/p1pk1p1p/5p2/3b4/1p6/1P2P3/P2KP1PP/5BR1 w - - 4 21	0.5
79	r2qkb1r/ppp1p1pp/2n1bn2/3p4/5B2/1PNB1N2/P1Q2PPP/3RK2R b Kkq - 3 10	0.0
79	4kbr1/ppB2bp1/2n1p3/3r4/7Q/1Pp2N2/P4PPP/4R1K1 b - - 1 18	0.0
80	8/p3k2p/p3b2p/P4p2/P2bn3/7P/2P1K3/6r1 b - - 2 35	0.5
81	8/R4Np1/4p3/2k5/8/5r2/1KP5/3R4 w - - 3 35	0.5
81	8/1R3Np1/4p3/2k5/8/5r2/1KP5/3R4 w - - 7 37	0.5
83	8/1p3pk1/4n1b1/3N4/2r4p/7P/PP3PK1/6R1 w - - 0 32	0.5
85	r1b1kb2/pppp1ppr/2n1p3/3n2q1/3P4/4P3/PPP2PPP/RNBQK2R w KQq - 0 7	0.0
85	r1b1k3/pppp1pp1/2n1p3/3n4/1b1P4/2N1P3/PPPK1PP1/R1B4q w q - 5 13	0.0
85	1r6/p1ppkpp1/b1n1p3/1p1n4/3P4/2P1P3/P1PK1PP1/4R3 w - - 2 19	0.0
86	4r1k1/6p1/3Rb1P1/1pr5/1R3P2/1p2PK2/6P1/8 b - - 6 35	0.5
87	3r1k2/5p1p/1R6/3p4/8/P4P2/1PP2r2/1K4R1 w - - 2 29	0.5
91	2kr1b1r/pp4pp/2nPbn2/8/1p3B2/5N2/P1PP1PPP/RN1Q1RK1 w - - 5 12	0.0
91	2kr1b1r/pp5p/2nP1n1p/3b4/1p6/5N2/P1PPQPPP/RN3RK1 w - - 0 14	0.0
91	2k3r1/pp2b2p/8/8/1Pb5/5P1K/P2P3P/RN1n4 w - - 3 26	0.0
92	3r1rk1/ppp3pp/8/8/3Pp3/8/PP2PPPP/3RKB1R w K - 1 16	0.5
92	6k1/ppp3pp/8/r7/3Pp3/4P3/PP3PPP/3R1RK1 w - - 2 20	0.5
92	6k1/pp4p1/2p5/2P4p/4p3/P3P3/1P3PPP/5RK1 w - - 0 24	0.5
92	5k2/6p1/1R6/2p5/4p3/P3P2P/1P3P1P/6K1 w - - 0 30	0.5
92	8/6p1/5k2/2R5/4p3/P3P2P/1P3P1P/6K1 w - - 1 32	0.5
92	8/6p1/2R5/5k2/4p3/P3P2P/1P3PKP/8 w - - 5 34	0.5
93	r1bqk2r/pp2ppbp/2np1np1/8/2B5/2N2N2/PPPP1PPP/R1BQ1RK1 b kq - 7 7	0.5
93	3r2k1/p4p1p/3b2p1/p2Q4/7P/2P2K2/5PP1/8 b - - 4 29	0.5
93	3r2k1/p4p1p/3b2pP/3Q4/8/p1P2K2/5PP1/8 b - - 0 31	0.5
94	3r2k1/1R4p1/2p2p2/3np3/2B1p2r/p1P1P3/P4PP1/3R2K1 b - - 1 29	0.5
96	r4rk1/pp3ppp/2n2n2/8/2qPpN2/8/PPP2PPP/R2Q1RK1 w - - 6 12	0.5
96	r4rk1/pp3ppp/5n2/3P4/3qpN2/8/PPP2PPP/R4RK1 w - - 0 14	0.5
96	r4rk1/pp3ppp/8/3N4/4p3/2P3P1/q4P1P/3R1RK1 w - - 0 18	0.5
99	r3kbnr/pp4pp/1n4b1/2p5/2Pq2P1/1P2pP1P/P3P3/RNK2BNR w kq - 1 13	0.0
101	8/1p3pk1/8/p7/3P4/8/PPr3PP/3R2K1 w - - 0 25	0.5
101	8/1p3pk1/8/3P4/p7/8/PP1r2PP/1R4K1 w - - 1 27	0.5
101	8/1p3p2/3P2k1/8/8/pP6/P2r2PP/1R4K1 w - - 1 29	0.5
103	4r1kr/pb1p4/1q3p2/4b3/2PpP2P/3p4/P2B1PP1/3R1RK1 w - - 0 21	0.0
103	4r1kr/pq1p4/8/4p3/2Pp3P/3p4/P2B2P1/5RK1 w - - 0 25	0.0
105	4r2k/p1p2Q1p/2P5/4b1P1/8/8/n1P2PP1/4R1K1 b - - 0 25	0.5
105	7k/p1p2Q1p/2P5/4R1P1/8/8/n1P2PPK/3r4 b - - 2 27	0.5
105	8/Q6p/2P3k1/4R1P1/8/8/n1P2PPK/8 b - - 0 31	0.5
108	rn2k3/p1p3pp/b3p3/8/8/8/PPP3PP/RN4K1 b - - 2 17	0.5
108	8/p1p3pp/3k4/4p3/7P/3P4/r3n1PK/1R6 b - - 2 27	0.5
109	rn3k2/ppp1ppp1/8/3p4/4nqb1/2P2N2/PP1PPPB1/RNBQK3 w Q - 0 9	0.0
110	3r4/ppp2p1k/4r2p/q7/2P2K2/5P1P/8/8 b - - 3 30	0.0
113	rnb1k2r/pppp1qpp/8/8/2P1n3/1P6/P2PKbPP/RNBQ1B1R w kq - 0 8	0.0
113	rnb1k2r/pppp2pp/8/4q3/2P1n3/1P6/P1KP1bPP/RNBQ1B1R w kq - 4 10	0.0
113	rnb3k1/pppp2pp/8/8/2Pb4/1P6/P4rPP/1RBK1B1R w - - 3 16	0.0
113	r1b3k1/ppp3pp/2np4/8/2Pb4/1P6/P2B1rPP/1RK2B1R w - - 0 18	0.0
113	r5k1/ppp3pp/2np4/5bB1/2Pb4/1P5P/r5P1/1RK2B1R w - - 0 20	0.0
113	r5k1/pp4pp/3p4/8/1nPb3P/1P6/2r3P1/1K3B1R w - - 0 24	0.0
113	6k1/pp4pp/3p4/7P/1nPb4/1P6/2r1r1P1/1K5R w - - 0 26	0.0
114	r3kb1r/pp2pppp/2n1bn2/8/8/2N2P1P/PP1PP1P1/R1BQKBR1 w Qkq - 2 8	0.5
114	5rk1/1p2pp2/4bnpb/p7/3R4/2N2P1P/PP2P1P1/4KBR1 w - - 1 16	0.5
114	2r3k1/1p2pp2/4bnp1/p5b1/3R4/2N1PP1P/PP3KP1/5BR1 w - - 1 18	0.5
114	3r2k1/1p2pp2/4b1p1/p2n2b1/8/4PP1P/PP3KP1/5BR1 w - - 0 20	0.5
114	3r2k1/1p2pp2/4b1p1/p2n4/5P2/1Pb1P2P/P4KP1/5BR1 w - - 1 22	0.5
118	2r1k1nr/p4p2/1p4pq/4P3/1n4b1/1P5N/P1P1PPP1/1K1R1B1R w - - 2 15	0.0
118	2r3nr/p4k2/1p4p1/4P3/1n4b1/1P6/P1P1PPP1/1K1R1B1q w - - 0 17	0.0
118	2r4r/p3nk2/1p4p1/4Pb2/1nP5/1P6/P3PPP1/K2R1B1q w - - 3 19	0.0
119	6k1/5ppp/8/K1p1r3/8/5P1P/3r2n1/6R1 b - - 1 29	0.5
119	6k1/5ppp/8/1Kp1r3/8/4nP1P/r7/2R5 b - - 5 31	0.5
121	2r1r1k1/ppp2ppp/2nqp3/8/3PpP2/P3P3/1PPBQ2P/3R1RK1 w - - 0 16	0.0
121	5k2/ppp2p1p/5P2/1P6/3P4/4r3/1PP3KP/4q3 w - - 0 30	0.0
122	r1b2r1k/1p1pppbp/p7/2N3BQ/2PnP3/P2B4/1P3PP1/R3R1K1 b - - 0 16	1.0
122	r1b2b1k/1p3Q1p/p7/2p1p3/2PnP3/P2B4/1P3PP1/3RR1K1 b - - 0 20	1.0
122	Q4b1k/7p/p7/2p1p3/2PnP3/P2B4/1P3PP1/3bR1K1 b - - 0 22	1.0
122	5bk1/7p/Q3n3/2p1p3/2P1P3/P2B4/1P3PP1/3R2K1 b - - 0 24	1.0
122	8/4bk1p/4n3/2pQp3/2P1P3/P2B4/1P3PP1/3R2K1 b - - 4 26	1.0
122	8/3Qbk1p/4n3/2p1p3/P1P1P3/3B4/1P3PP1/3R2K1 b - - 0 28	1.0
124	r1bqkbnr/pp1p2pp/8/5P2/8/7P/PP2KPPR/nNB2B2 w kq - 0 10	0.0
124	2bk1bnr/1pNp2pp/8/5P2/4q3/7P/rPn2PPR/3K1B2 w - - 2 16	0.0
124	2b2bnr/1pkp2pp/8/5P2/3nP3/7P/rP4PR/3K1B2 w - - 1 18	0.0
124	2b1r3/1pkp2pp/5n2/2b1PP2/2B5/5P1P/7r/4K3 w - - 1 26	0.0
124	2b1r3/1pkp2pp/8/4PP2/1b2nP2/7P/4r3/6K1 w - - 0 30	0.0
127	rnb2rk1/pp3ppp/3Q1n2/4p3/8/2N3P1/P1P1N2P/R1B1KR2 b - - 0 11	0.5
127	r1b2rk1/pp1n1ppp/3Q1n2/8/4p3/2N1B1P1/P1P1N2P/3RKR2 b - - 1 13	0.5
128	r1bq1rk1/ppp2pb1/2n3p1/3nP3/8/4PN2/PPPP2PP/R1BQK2R w KQ - 0 10	0.0
128	r4rk1/ppp2pb1/2n3p1/3nPbq1/3P4/4P3/PPP3PP/R1BQK2R w KQ - 0 12	0.0
130	5q2/3nk1N1/p2p1p1p/1p6/8/2P5/PP1N1P1P/R4RK1 w - - 0 20	0.5
131	3r1r2/ppp2pkp/1bn5/8/P7/2P4P/1P2QP1q/RN2K3 w - - 0 18	0.0
133	2k5/pp6/4N3/3p4/1n1NbB1p/1P6/2P1P1PP/2K2BR1 w - - 0 28	0.5
133	2k5/8/1p2N3/pB1pB3/1n1Nb2p/1P2P3/1KP3PP/6R1 w - - 0 32	0.5
133	8/k7/1p2N3/pB1pB3/1n1Nb2p/1P2P2P/2P3P1/2K3R1 w - - 3 34	0.5
134	4k2r/1p3ppp/r1nq4/5P2/6n1/2N2N2/PPP2PPP/R3K2R w KQk - 0 12	0.5
135	1r3rk1/p1p2ppp/8/4p3/3b4/5P2/PPPP1P1P/R1B2RK1 w - - 1 19	0.5
135	1r3rk1/p1p1bppp/8/4p3/1P6/2P2P2/P2P1P1P/R1B2RK1 w - - 1 21	0.5
135	6k1/p1p2ppp/8/4p3/1P5b/2Pr1P2/PB1P1PKP/3R4 w - - 2 27	0.5
135	6k1/p1p2p1p/5p2/8/1PP5/3r1pK1/P2P1P1P/3R4 w - - 0 31	0.5
136	r2qk2r/pp4pp/2nb1n2/2p1p3/2P5/2NBB3/PP3PPP/R2Q1RK1 b kq - 2 11	1.0
136	2r1r1k1/pp4pp/3b4/2p1p2Q/2Pn4/3B4/PP3BPP/2R1R1K1 b - - 0 17	1.0
137	r1bq1rk1/pp1pppbp/2n2np1/8/1pPPP3/3B1N2/P4PPP/RNBQ1RK1 w - - 5 8	0.0
138	r2kr3/pbpp3p/8/4n3/8/2P1n3/PP1KPq1P/3R3R w - - 0 19	0.0
138	r2kr3/p1pp3p/8/4n3/8/2P1n3/PP2q2P/2K4R w - - 0 21	0.0
140	r1b2rk1/1ppp1p1p/3bpnp1/6N1/p1BB4/2P5/PPQ2PP1/3R1RK1 b - - 0 15	1.0
142	rn1q1rk1/ppp1np1p/6p1/3p4/5PQ1/BP1B1N2/P1PN3P/2KR3R b - - 5 11	0.5
142	2rq1rk1/ppp1np1p/2n3p1/3p4/5PQ1/BP1B1N2/P1PN3P/1K1RR3 b - - 9 13	0.5
144	rnb2b1r/1p2pp1p/2k3p1/p7/6P1/2NqP2P/P2B1P1R/R3K1N1 w Q - 2 13	0.5
144	1r1k1r2/5p2/2p1p1pp/p7/6P1/4P1RP/P4P2/4K3 w - - 0 31	0.5
144	3k1r2/5p2/2p1p1pp/p7/6P1/4P1RP/P4PK1/r7 w - - 4 33	0.5
144	3r4/4kp2/2p1p1pp/p7/P3P1P1/6RP/5PK1/r7 w - - 1 35	0.5
145	r1b1kb1r/ppp1pppp/2n2n2/8/8/1PNB1N2/P1P2PPP/R1BK3R b - - 6 9	0.5
146	4r1k1/pp1R1p1p/6p1/4p1N1/4B3/1q6/5PPP/6K1 b - - 1 26	0.5
146	2r3k1/pp5p/6p1/4p3/8/8/5PPP/3R2K1 b - - 2 30	0.5
146	2r3k1/1p5p/6p1/4p3/p7/8/5PPP/3R2K1 b - - 1 32	0.5
148	Bn2kb2/p1p1ppp1/5n2/8/8/8/PPPP1P1N/RNB1K3 b Q - 0 11	0.5
148	4kb2/p1pn1pp1/2B2n2/4p3/8/2N5/PPPP1P1N/R1B1K3 b Q - 1 13	0.5
148	4k3/p1pn1pp1/8/8/3p4/3N4/PPPP1P2/R1B1K3 b Q - 1 19	0.5
148	8/p1p2p2/6p1/2Nk4/3P4/2P5/P3KP2/6R1 b - - 0 27	0.5
148	8/2p2p2/2k3p1/p5R1/N2P4/2P5/P3KP2/8 b - - 3 29	0.5
148	8/2p1kp2/6p1/p5R1/N1PP4/4K3/P4P2/8 b - - 0 31	0.5
148	3k4/5p2/2p3p1/2N1R3/P1PP4/4K3/5P2/8 b - - 0 35	0.5
149	r2q1b1r/p1p1k1pp/1p1p1n2/4nP2/P3p3/1Q6/1PPP1PPP/RNB1K1NR b KQ - 7 11	0.5
149	r2qkb1r/p1p3pp/1p3n2/3pnP2/P3p3/1QN5/1PPPNPPP/R1B1K2R b KQ - 1 13	0.5
149	3R4/p1p1nk1p/1p3r2/8/P7/4Q3/1PP3PP/R5K1 b - - 2 27	0.5
149	8/p1p3Rp/1p3r2/5k2/P7/6Q1/1PP3PP/R5K1 b - - 0 31	0.5
149	8/p1Q5/1p3Rp1/3k4/P7/8/1PP3PP/6K1 b - - 2 35	0.5
150	rn1q1rk1/pQp1bp1p/7p/4P3/2P1N3/5P2/PP3P1P/R3KB1R b KQ - 0 11	1.0
150	3r1rk1/Q3bp1p/6np/8/2P1N3/5P2/PP3P1P/2K2B1R b - - 0 15	1.0
150	3r1rk1/5p1p/6n1/2Q3p1/2P5/5P2/PP3P1P/2K2B1R b - - 1 17	1.0
150	3r1rk1/5p2/7p/2Q2Bp1/2P2n2/5P2/PP3P1P/2K4R b - - 3 19	1.0
150	3r2k1/4Qp2/7R/6P1/1PP5/3r4/P4P2/2K5 b - - 0 25	1.0
151	2r5/pp3Bpk/4P3/1b6/5p2/8/PP3nPP/K3R3 b - - 1 26	1.0
151	8/pp2PBpk/8/1b1R4/5p2/8/PK4PP/2r5 b - - 0 30	1.0
155	rn2k1nr/ppB2ppp/8/8/2NpK1B1/8/PPP4R/R2Q4 b kq - 0 15	0.5
155	r4knr/ppB2ppp/2nN4/8/3pK1B1/8/PPP1R3/R2Q4 b - - 4 17	0.5
155	r5kr/ppB1nppp/2nN4/8/3p2B1/3Q1K2/PPP1R3/R7 b - - 8 19	0.5
155	5rkr/ppB2p2/2nN1p2/5B1p/3p4/8/PPP1R1K1/3R4 b - - 1 25	0.5
155	5rkr/p1B2p2/1pnN1p2/5B2/P2p3p/8/1PP3K1/3RR3 b - - 1 27	0.5
155	6k1/p4r2/1pn2p2/5B2/P7/1P1R2Bp/2P5/4R2K b - - 0 33	0.5
156	5rk1/pppr1ppp/4pn2/8/P4PnP/4P2R/6P1/4qNK1 w - - 0 22	0.0
158	1nr5/2N2pkp/1pP3b1/1P6/4P3/5P2/2r1B1PP/3RK2R w - - 0 25	0.5
158	2r5/5pkp/6b1/1p1N4/4P3/5P2/2r1BKPP/3RR3 w - - 2 29	0.5
159	8/pp4N1/2k3p1/2pn4/P1P2n2/5PK1/1P3P2/8 b - - 0 30	0.5
160	r1b1kb1r/ppp1pppp/8/2P5/5B2/N5K1/PP4PP/n5R1 b kq - 1 16	0.5
160	5rk1/pp3p2/8/4bN1p/8/7P/r7/3R3K b - - 0 34	0.5
160	5rk1/pp1R1p2/8/4bN1p/8/7r/8/6K1 b - - 1 36	0.5
163	r3kb1r/p4ppp/2n5/1pPq2p1/6b1/2P5/PP1NPPPP/R3KB1R w KQkq - 0 12	0.0
163	3rkb1r/p4ppp/2n5/1pPq1bp1/8/2P2P2/PP1NP1PP/3RKB1R w Kk - 3 14	0.0
163	5rk1/p4ppp/2n5/1p4p1/8/2P1b2K/PP1rP1PP/5B1R w - - 7 24	0.0
163	5rk1/p4ppp/8/4n1p1/p1P5/4b2K/1P1rP1PP/5B1R w - - 1 26	0.0
163	5rk1/p4ppp/8/4n1p1/p1P3P1/4b2K/4r1BP/7R w - - 0 28	0.0
165	r1bkr3/pppp1ppp/5n2/2bPp3/8/2N5/PPP3PP/R1B1KBNR w - - 5 10	0.5
166	r2qr3/1p3ppk/2p5/p1Nnp3/P7/5P1P/1PP2P2/RK1R4 b - - 0 19	0.5
167	r1b2r1k/ppppqppp/2n2n2/4pBN1/P7/1QN1P3/1P3PP1/R1B2RK1 b - - 0 12	1.0
169	r2qk2r/ppp1n1pp/2n5/2b1Pp2/2b5/2N2N2/PPPBPPPP/3RKB1R w Kkq - 8 9	0.0
169	r2qk3/ppp1n1pr/8/2b1np2/2b5/2N5/PPPBPPPP/3RKB1R w Kq - 0 11	0.0
171	3r4/p4kpp/2p1b3/7P/4p3/8/PPP2PP1/2K3NR w - - 0 20	0.5
171	3r2k1/p5pp/2p5/3b3P/5R2/4PN2/1PP3P1/2K5 w - - 2 24	0.5
171	R7/5kpp/2p5/7P/8/4rP2/1PP5/2K5 w - - 2 28	0.5
171	8/4k1pp/2R5/7P/8/5r2/1PP5/2K5 w - - 0 30	0.5
174	rnb1k1nr/pp3p1p/8/6p1/2Q5/5N2/PPP1PPPP/R1B1KB1R b KQkq - 0 10	0.5
174	rn2k1nr/pp5p/4p3/6N1/8/8/PPP1PPPP/R1B1KB1R b KQkq - 0 12	0.5
174	r3k1nr/pp5p/n3N3/4p1B1/8/8/PPP1PPPP/R3KB1R b KQkq - 3 14	0.5
174	r5nr/pN4kp/n7/4p1B1/8/8/PPP1PPPP/R3KB1R b KQ - 0 16	0.5
175	2krn3/1p3p2/2p1b3/p7/4NB2/2P2Q2/PP3PPP/R5K1 w - - 0 21	1.0
178	2kr3r/pp4pp/2p1p2n/4P3/4P3/4NP2/PP3P1P/R4RK1 b - - 0 16	0.5
179	r2qkb1r/ppp1nppp/2np4/5b2/2P5/BPN1PQ2/P2P1PPP/3RKB1R b Kkq - 3 8	0.5
179	2r2rk1/pppnbppp/3p1n2/8/2PP4/BP2PB2/P4PPP/3R1RK1 b - - 1 16	0.5
179	2r1r1k1/pp1nbppp/2pp1n2/8/1BPP4/1P2PB2/P4PPP/3RR1K1 b - - 3 18	0.5
180	r1b2rk1/2q2ppp/1pnp1n2/4p3/8/2NBPN2/1PPP1PPP/2BQ1RK1 b - - 7 9	0.5
180	4rrk1/2q2ppp/1pnpbn2/4p1N1/8/2NBP3/1PPP1PPP/2BQR1K1 b - - 11 11	0.5
180	5r1k/2q2ppp/1pnprn2/4p3/8/2NBPQ2/1PPP1PPP/2B1R1K1 b - - 1 13	0.5
180	5rk1/2q2ppp/1pnprn2/8/2B1p3/2N1P1Q1/1PPP1PPP/2B1R1K1 b - - 1 15	0.5
181	5b1r/1pN2ppp/5k2/8/q7/4B3/1P6/1K6 b - - 1 27	0.0
182	r2q2k1/ppp1p1bp/2n1b1p1/3p4/3PNr2/3B1N2/PPP2PPP/R2Q1RK1 w - - 0 11	0.5
183	3R4/2p2r2/2k5/4B3/1Pb1p2p/2P4P/3R2PK/8 b - - 1 35	0.5
184	k3r1r1/pR1R2p1/1b3p1p/5N2/5B2/2p4P/2P3PK/8 b - - 1 32	0.5
185	2b2k1r/1ppp1ppp/5q2/8/3r4/2N2P2/PPP2P1P/R1B1R1K1 w - - 2 13	0.5
185	2b2k1r/1ppp1ppp/6q1/8/2r5/2N1BP2/PPP2P1P/R3RK2 w - - 6 15	0.5
185	2b3kr/1pp2ppp/6q1/3p4/2r1N3/4BP2/PPP2P1P/2R1RK2 w - - 0 17	0.5
185	6kr/1pp2ppp/8/3q4/2r5/5P2/PPPBKPbP/2R1R3 w - - 2 21	0.5
185	6kr/1pp2ppp/8/8/2r1q3/5b2/PPPBRP1P/2RK4 w - - 2 23	0.5
185	6kr/1pp2ppp/8/8/3rq3/4B3/PPP1KP1P/2R5 w - - 1 25	0.5
185	6kr/1pp2pp1/7p/4q3/2Pr4/4BP2/PP2K2P/2R5 w - - 1 27	0.5
188	r1b1k2r/pppp2pp/2n5/2b2R2/3pP3/7N/PPP3BP/RN4K1 b kq - 4 11	0.5
188	r1bk4/pp1p2pN/2p4p/4RP2/2Bp4/8/PPP4P/6K1 b - - 2 21	0.5
188	r1b5/ppkp4/2p2N1p/4R3/2Bp4/8/PPP4P/6K1 b - - 0 23	0.5
188	r7/pbkpR3/2p2N1p/1p6/3p4/3B4/PPP4P/6K1 b - - 3 25	0.5
188	2br4/p1kpR3/2p2N1p/1p3B2/3p4/8/PPP3KP/8 b - - 7 27	0.5
188	2br4/p2pR3/2p2N1p/1pk5/3p4/3B3P/PPP3K1/8 b - - 2 29	0.5
188	2br4/3pR3/2p2N1p/p1k5/Pp1p4/1P1B3P/2P3K1/8 b - - 0 31	0.5
192	r1b5/pppp1k2/8/8/P2Pnqp1/8/1PP3PP/R5K1 w - - 0 21	0.5
192	r7/ppp2k2/3p4/P4b2/3P2p1/8/1PP2KPP/8 w - - 1 25	0.5
192	8/ppp2k2/3p4/P2Pr3/2P3p1/3b4/1P3KPP/8 w - - 1 29	0.5
192	8/ppp2k2/3p4/P2P1b2/2P3p1/1P4K1/4r1PP/8 w - - 3 31	0.5
192	8/p1p2k2/p2p4/3P1b2/1PP1r1p1/6K1/6PP/8 w - - 0 33	0.5
192	8/p1p2k2/8/pPpP1b2/4r1p1/6K1/6PP/8 w - - 0 35	0.5
192	8/p1pb2k1/8/pPpP3P/4r1p1/6K1/6P1/8 w - - 1 37	0.5
196	rn1k3r/pp5p/2p1Q3/4N1p1/1bBPnp2/8/PP4PP/RNB3KR b - - 2 16	1.0
196	rn4Q1/ppk4p/2p5/4N1p1/PbBPnp2/8/1P4PP/RNB3KR b - - 0 18	1.0
196	Q7/ppk4p/2p5/4P1p1/PbB1np2/8/1P4PP/RNB3KR b - - 0 20	1.0
196	3Q4/pp5p/2p5/2k3p1/P3Bp2/8/1B4PP/RN3K1R b - - 0 26	1.0
197	4r1kr/6pp/1pR5/p2n1P2/P7/8/1P1B2PP/6K1 b - - 2 31	0.5
198	4R3/5pk1/1p3p2/p1p2p1p/P1B2B2/1PP4P/5KP1/3r4 b - - 1 28	0.5
198	8/4Rp1k/1p3p2/p1p2p2/P1B2B1p/1PP2K1P/6P1/3r4 b - - 3 30	0.5
198	7k/8/1p3R2/p1p2p2/P1B2B1p/1PP2K1P/6P1/4r3 b - - 0 32	0.5
199	r1b1r1k1/1ppp1ppp/8/3Rp1P1/p2nP3/P2P2PP/1P3RB1/3QK3 b - - 0 19	0.5
200	r3r1k1/p2p1ppp/2b5/2p5/1n2PB2/2N5/PPP1RPPP/6K1 w - - 6 20	0.5
200	2r1r1k1/p2p1ppp/2b5/P7/1np1PB2/2N5/1PP1RPPP/6K1 w - - 1 22	0.5
202	8/1R6/8/5k2/8/2P1P3/1P4KP/r7 w - - 1 37	0.5
204	r7/ppB2p2/2nNk2p/1N1R4/4p3/8/PKP2Pb1/3R4 b - - 1 23	0.5
204	r7/ppB2p2/2nNk2p/1N3R2/8/8/PKP1pPb1/4R3 b - - 1 25	0.5
204	7r/pp2RR2/2kN3p/BN6/8/8/PKP2Pb1/8 b - - 2 29	0.5
206	r3k2r/1p1nppb1/1pp2np1/q2p1b2/3P1P2/1P2BN2/P1P1P1PP/1K1R1B1R w kq - 0 13	0.0
207	1k1rr3/ppp3pp/2n2pn1/2B1p3/2N1P3/1PP2N2/P5PP/R3KR2 b - - 0 16	0.5
207	1k2r3/ppp2Rpp/6n1/8/8/1PP5/P6P/7K b - - 3 28	0.5
207	1k6/ppp3Rp/6n1/8/8/1PP5/5K1P/r7 b - - 2 32	0.5
207	1k6/ppp4R/4n3/8/8/1PP5/5K1P/r7 b - - 2 36	0.5
208	r3kb1r/ppn1pppq/4b3/2p5/P1P3nP/2N2NP1/1P1P1P2/R1BQ1RK1 w kq - 0 12	0.5
208	8/3k2B1/1p1b2P1/3p4/6N1/6P1/7K/4r3 w - - 1 34	0.5
209	r2q1rk1/ppp1nppp/8/2n1P3/8/2N4P/PPP1PPBP/R1B2RK1 b - - 5 9	0.0
210	r2qkb1r/p2ppppp/1p6/2pP4/3n4/3P4/PP1B1PPP/R2QKB1R b KQkq - 0 10	0.0
212	rn2k1nr/ppp2ppp/8/2b1p3/8/3P3P/PPP2P1P/RNBQKBq1 w kq - 4 8	0.5
212	rn2k1nr/ppp2ppp/8/4p3/8/3P3P/PqP4P/RN1QKB2 w kq - 0 12	0.5
212	r4rk1/ppp1nppp/8/4p3/P2nN3/3P3P/1qP3BP/R2QK3 w - - 1 16	0.5
212	r2r2k1/ppp2p2/5pp1/4p3/P7/3P3B/7P/3K4 w - - 1 26	0.5
214	rn2kb1r/ppp1p1pp/2b2n2/4N3/3P4/2N5/PP3P1P/R1B2RK1 b - - 0 11	0.0
215	r4rk1/p1pbbppp/8/3P4/1p1PnN2/1B2B3/PPP3PP/R4RK1 b - - 1 17	0.5
216	1k1r1b1r/ppp1qppp/4n2n/3pP3/8/4PNN1/PPP1QPPP/R1B2RK1 w - - 2 12	0.5
216	1k1r1b1r/ppp2ppp/8/3pPq2/5Pn1/5N2/PPPBQPPP/3R1RK1 w - - 0 16	0.5
216	1k5r/ppp2ppp/8/2brPq2/5Pn1/5N2/PP1BQPPP/3R1RK1 w - - 0 18	0.5
216	3RQ3/p1p3pp/kp6/6P1/8/8/PP3KPP/8 w - - 1 30	0.5
217	1r1qkb1r/pp2pppp/2n5/2pb4/8/3P1N2/PPP2PPP/R2QKB1R w KQk - 0 9	1.0
218	5b1k/1pN1RB2/8/p4bN1/6n1/8/PPr2PPP/5RK1 w - - 1 20	0.5
218	5k2/1pN5/4B3/p5N1/8/3b4/PPr2nPP/4R1K1 w - - 0 24	0.5
219	3k1b1r/2p2ppp/5n2/3bp3/7P/4B3/PP3PP1/R2R2K1 b - - 1 19	0.5
219	3kr3/2p2ppp/2R2n2/3bp3/1b5P/4B3/PP3PP1/3R2K1 b - - 5 21	0.5
219	2k5/R1p2ppp/8/3b3P/PP6/6b1/6r1/2R2K2 b - - 0 31	0.5
219	3k4/R1p2ppp/P7/1PR4b/8/6b1/3r4/5K2 b - - 1 35	0.5
222	3k1r2/R3Np1p/2B5/4p3/2n3n1/8/4PP2/5K2 w - - 0 34	0.5
224	3r1bkr/ppp1p1pp/2nq4/8/3Pb3/2P1BN2/P1P2PPP/R2Q1RK1 w - - 1 13	0.5
224	3r1bk1/ppp1p1p1/2nq1r2/3b2N1/3P4/2P1B2P/P1P2PP1/R4RK1 w - - 1 17	0.5
224	3r1bk1/2p3p1/5p2/8/p3qP2/2P2R1P/P1P3PK/8 w - - 2 25	0.5
224	5bk1/2p3p1/5p2/8/p4P2/2P2R1P/P1q3PK/3r4 w - - 0 27	0.5
224	6k1/2p3p1/5pq1/2b5/p4P2/2P2R1P/P5PK/3r4 w - - 4 29	0.5
225	1k3b1r/pp2p1pp/4n3/1B5P/4P2R/5PP1/6K1/2q5 b - - 4 30	0.5
227	5kbQ/1ppq2pR/2np4/3N4/2P5/5N2/1K3PP1/4R3 b - - 6 25	1.0
228	2k1r3/ppp2p1p/2n3p1/2brPn2/5B2/5NP1/PPP1PPBP/5RK1 w - - 0 15	0.5
229	6k1/p5pp/1p6/2p5/4r3/5QP1/P5KP/8 b - - 1 31	0.5
232	1R6/p1B1npbp/k4p2/2p5/b3P3/5N1P/1P3PP1/2K1R3 b - - 3 21	0.5
232	1R6/p4p1p/2k2p2/2p5/1b2P3/6BP/1PR2P2/K7 b - - 2 33	0.5
232	4k3/pR3p1p/3B1p2/2p5/1b2P3/7P/1PR2P2/K7 b - - 6 35	0.5
233	2r1r2k/1p4b1/pq3pp1/3p4/3P1B2/P7/1PP2PPP/2RQ2K1 w - - 0 19	0.5
233	4r1k1/1p4b1/pq4p1/3p1p2/1P1P3Q/r3B3/2P2PPP/2R3K1 w - - 0 23	0.5
233	4r1k1/1p4b1/p2q2p1/3p1p2/1P1P3Q/2P1B3/r4PPP/3R2K1 w - - 3 25	0.5
233	6k1/1p4b1/p3r3/3p1p2/1P1P1B2/2P5/r4PPP/3R2K1 w - - 0 29	0.5
233	6k1/1p4b1/p7/3p1p2/1P1P3P/2P5/2rBrPP1/3R2K1 w - - 3 31	0.5
237	rnbq1bk1/pppp2pr/4p2p/5Q1N/2B1N3/8/PPPP1PPP/R1B1K2R b KQ - 2 9	0.5
237	r1bq1b1k/pppp1Qpr/2n1p2p/7N/2B1N3/8/PPPP1PPP/R1B2RK1 b - - 6 11	0.5
237	r1bq3k/pppp1Qpr/2n1p2p/7N/2B1N3/3P4/PPP2PPK/R1B2R2 b - - 0 13	0.5
239	r4rk1/ppp2ppp/n2p1b2/3P4/2PNp3/P2nB3/RP5q/1K2R3 w - - 2 24	0.0
247	1r1q1rk1/p1p2pp1/2bb1n1p/8/3P4/2N2N2/PPP1PPPP/2KR1B1R w - - 0 12	0.0
247	4r3/p2r3k/2p4p/5P1P/1P1P4/1PK1P3/P4q2/8 w - - 0 34	0.0
250	8/7p/2kpQ3/p7/1pP5/1Pn2P2/5P1P/4K1R1 b - - 1 32	0.5
251	3rr1k1/1p2bp2/2p1p1pp/p2nB3/3PN1Q1/7P/PP3RP1/1K1R4 b - - 0 26	0.5
253	r1bqk2r/ppppnppp/8/4p3/8/2P1PB2/P1P2PPP/R1BQ1RK1 b kq - 2 8	0.5
253	r1bq1rk1/ppp1nppp/8/3pp3/8/2PQPB2/PBP2PPP/R4RK1 b - - 1 10	0.5
253	8/2B2kp1/5p2/2prp2p/P2n4/6PP/5PK1/2R5 b - - 0 32	0.5
256	r1b1k2r/pp1pbppp/5n2/6q1/4P3/2N5/P1n1KPPP/R4B1R w kq - 0 13	0.0
256	r1b1k3/pp3pp1/3p4/2b5/2K5/7r/6q1/8 w q - 0 29	0.0
257	2r5/PRp1pp1k/2P1b3/4N2p/4NR2/8/2P2PP1/4K3 b - - 0 27	0.5
258	rnb2rk1/ppp2ppp/5q2/8/4Pp2/5N2/PPP2PPP/2KR1B1R w - - 2 12	0.0
258	r4rk1/ppp3pp/2n1p1q1/4P3/5p2/5N2/PPP2PPP/2KRR3 w - - 0 16	0.0
258	5rk1/ppp3pp/4p3/4P3/4qp2/2P5/PP3P1P/K2n4 w - - 0 24	0.0
260	4kb1r/pp2p1p1/8/4p2p/3nN3/4N3/PP3PPP/3R2K1 b k - 0 22	0.5
260	5b1k/pp4p1/8/8/P6p/8/1P3PPP/6K1 b - - 0 32	0.5
261	2r2r2/1p4k1/2p2pp1/7b/2B1p3/1P3NP1/2K2PP1/q7 w - - 0 27	0.5
265	r1bq1rk1/pp5p/3ppn2/2n3B1/7P/5N2/PPP1PPP1/1K1R1B1R b - - 6 12	0.0
269	8/Q7/4k1p1/3p1p2/2b5/P1P5/2P2PPP/6K1 w - - 1 29	0.5
269	8/8/6Q1/3pk3/2b2p2/P1P5/2P2PPP/6K1 w - - 1 31	0.5
270	r3r3/p1p2kpp/2p1p3/8/3PK3/1PP5/P2R4/8 b - - 0 27	0.5
270	5r2/p1p1k1pp/2p1p3/8/2PP4/1P1K4/P7/8 b - - 0 33	0.5
270	5r2/p1p1k1p1/2p1p3/2P5/1P1P3p/3K4/P7/8 b - - 0 35	0.5
272	2r2rk1/ppp2ppp/2n5/3n4/3P1q2/1P1P1N2/P4PPP/3RKB1R w K - 0 14	0.0
272	2r2rk1/ppp2ppp/8/6q1/3n4/1P1P4/P4PPP/3B1RK1 w - - 0 18	0.0
272	6k1/ppp2ppp/8/8/4P1q1/1P3nP1/P4PKP/3r4 w - - 2 24	0.0
273	3r2kr/ppN1n1pp/2n1P3/8/2P5/5N2/PPb1PPPP/R1B1KB1R w KQ - 1 13	0.5
273	3r2kr/1p4pp/8/p2P4/3P4/8/PPR2PPP/3K1B1R w - - 1 27	0.5
274	3r1rk1/pp2bppp/2p1bn2/4p3/1P2P3/2N5/P1P1BPPP/1RB2RK1 w - - 2 12	0.5
274	6k1/p6p/1p1b4/1P3p2/P3p2p/2R3P1/2P2P1K/8 w - - 0 32	0.5
276	7r/1pN2pkp/2n5/p4b2/1b5P/8/PPp2PP1/2KR1BNR w - - 0 15	0.5
276	3k4/7R/7P/1pnBb3/p7/8/PPK2PP1/8 w - - 0 33	0.5
276	3k4/5R2/7P/1pnB4/3b4/P7/P1K2PP1/8 w - - 1 35	0.5
279	7k/p2r1p1p/3p2pB/2pPpn2/2P4R/1q2P2P/1P3PK1/2R5 w - - 1 27	0.5
279	8/p2r1pkp/3p2p1/2pPp3/2P4B/1q2P2P/1P3PK1/2R5 w - - 1 29	0.5
279	8/p2r1pkp/3p2p1/2pPp1B1/2PqP3/7P/5PK1/2R5 w - - 1 31	0.5
279	8/3r1pkp/3p2p1/2pPp1B1/p1PqP2P/5P2/6K1/2R5 w - - 0 33	0.5
280	8/p2R1ppk/7p/P7/6r1/4P3/2PK1P2/8 b - - 0 29	0.5
280	8/p4Rpk/P7/7p/8/4P3/2PK1P2/6r1 b - - 0 31	0.5
281	6k1/2B3pp/1p6/1P1P4/2n5/2P5/P7/2R2K2 b - - 0 31	0.5
281	6k1/6p1/1p6/1P1nB3/2P4p/8/P3K3/6R1 b - - 0 35	0.5
283	r2q1rk1/p3bppp/1pn1bn2/3p2N1/8/2NBB3/PPP2PPP/R2Q1RK1 b - - 1 12	1.0
283	r2q1rk1/p3bppp/1pn1bn2/3p2N1/8/2NBB3/PPP2PPP/2RQR1K1 b - - 5 14	1.0
283	r2q1r1k/p3b1pp/1pR2n2/3p4/5B2/2NB4/PPP2PPP/2RQ2K1 b - - 0 18	1.0
284	4r1k1/1pp2ppp/3q1n2/8/4P3/1bP1KP2/1P2N1PP/3r1B1R w - - 0 20	0.0
284	4r1k1/1pp2ppp/5n2/8/4P3/1bP2P2/1P2NKPq/5R2 w - - 0 22	0.0
285	4k3/5p1p/8/4B3/1n3P2/8/1P2K3/7q b - - 4 28	0.0
286	r3k1nr/pp3p1p/2np2p1/8/2B5/2N5/PPP2B1P/3K2R1 b kq - 0 15	0.5
286	r4rk1/pp3p1p/2np1np1/8/2B5/2N5/PPP2B1P/2K1R3 b - - 4 17	0.5
286	r4r2/pp3pkp/3p1Np1/4n3/3B4/8/PPP4P/2K2R2 b - - 4 21	0.5
288	1k6/p1p4R/B6p/5Np1/b1P1P3/5P2/KP3bPP/3r4 b - - 6 32	1.0
290	2rq1rk1/1p2bppp/3pbn2/p3p3/P1PpP3/2NB4/1PQP1PPP/R1B1R1K1 w - - 0 13	0.5
291	2kr1bnr/ppp3pp/5p2/5b2/1P1np3/P7/2P2PPP/R1BK2NR w - - 0 12	0.0
291	2k2bnr/ppp3pp/5p2/8/1PP1p3/P6P/3B1PKP/r7 w - - 2 20	0.0
292	r2qk1nr/ppp3pp/3p1p2/2b2N2/4PB2/8/PPP1B1PP/R2QK2R b KQkq - 0 11	1.0
292	r2q3r/ppp1nkNp/3p1p1B/2b5/4P3/8/PPP1B1PP/R2QK2R b KQ - 2 13	1.0
294	2r3k1/6p1/4R3/P5Bp/2r5/8/6PP/3R3K b - - 0 34	0.5
294	2r3k1/6p1/2r5/P3R2p/8/8/3B2PP/3R3K b - - 4 36	0.5
298	2r1k2r/pp3ppp/8/2bpPn2/8/2B1n2P/PP3K2/3q4 b k - 0 22	0.0
299	2krr3/p4ppp/2P2n2/8/1b1n4/5B2/P4PPP/RN3KNR w - - 3 17	0.5
299	2k5/p4ppp/2P2n2/8/1b6/5P2/P3rP1P/RN5K w - - 0 21	0.5
299	2k5/p4ppp/2Pb1n2/8/8/2N2P2/P2r1P1P/R5K1 w - - 4 23	0.5
299	8/3k3p/5p2/4b3/4P3/8/P4PKP/8 w - - 2 33	0.5
299	8/2b4p/4kp2/8/P3P2P/8/5PK1/8 w - - 1 35	0.5
300	3Q1br1/4pkp1/2P4p/P4P2/8/8/6PP/3R1RK1 b - - 0 29	1.0
301	4k1r1/1p4pp/2n2p2/p2r4/5B2/2P2N2/P1P2PPP/R3K2R b KQ - 1 16	1.0
302	rnb1kbr1/ppp2p1p/6p1/6N1/2PQ4/2N5/PP2PPPR/R3KB2 b Qq - 0 11	1.0
302	rnk5/ppp2p1R/6p1/6N1/2P5/2N5/PP2PPP1/R3KB2 b Q - 0 15	1.0
302	r1kn3R/ppp2N2/6p1/8/2P5/2N5/PP2PPP1/R3KB2 b Q - 0 17	1.0
302	r7/pkpR1N2/1p4p1/8/2P5/2N5/PP2PPP1/R3KB2 b Q - 2 19	1.0
302	r7/pkpR4/1p4N1/8/2P5/2N5/PP2PPP1/R3KB2 b Q - 0 21	1.0
302	2r5/pkpR4/1p6/3NN3/2P5/8/PP2PPP1/R3KB2 b Q - 4 23	1.0
302	2r5/pkpR4/1p6/3N4/2PN4/8/PP2PPP1/R3KB2 b Q - 8 25	1.0
302	1kr5/p2RN3/1pp1N3/8/2P5/8/PP2PPP1/R3KB2 b Q - 1 27	1.0
303	r3k2r/pp3ppp/2nbbn2/8/8/5N2/PPPBPPPP/1K1R1B1R w kq - 7 11	0.5
303	1k2r3/rp3ppp/5n2/3b4/1n6/1P3NPP/2P1PPB1/1K2R3 w - - 0 21	0.5
303	1k2r3/1p3Npp/5n2/8/1n6/1P4PP/r1P1PPb1/1K2R3 w - - 1 23	0.5
303	1k6/1p4pp/r7/3nr3/1P2b2P/1P4P1/1K2PP2/4R3 w - - 5 29	0.5
303	1k6/1p4pp/8/1r1nr3/4b2P/1P4P1/1K2PP2/2R5 w - - 0 31	0.5
303	1k6/1p4pp/8/1r1n4/7P/1P4P1/1KR5/4r3 w - - 2 35	0.5
306	3rkb1r/pp2pppp/2p1n3/8/3qnP2/3N3P/PPPP2P1/R1BQKB1R w KQk - 2 12	0.5
307	r1bqk2r/pp1p1ppp/2npp3/5n2/2PP4/2N2N2/PP2PPPP/R2QKB1R w KQkq - 0 7	0.0
308	r3k2r/p6p/1p1P4/2p5/P2bn1b1/6P1/1P5P/R1B1KB1R w kq - 1 22	0.5
308	r6r/p2k3p/1p1P4/2p5/P2bn3/6P1/1P5P/R1B1K2R w - - 0 24	0.5
308	r7/p2k3p/1p6/2p5/P1nb1B2/6P1/1P2r2P/1RK4R w - - 6 28	0.5
308	4r3/p2k3p/1p6/2p5/P2b1B2/1r4P1/7P/2K4R w - - 0 32	0.5
308	8/p2k3p/1p6/2p5/P2brB2/2r3P1/3K3P/3R4 w - - 8 36	0.5
309	3r1rk1/3b1ppp/3pp3/5nN1/8/7P/2P2KP1/5B1R b - - 0 24	0.5
311	1nk2b1r/rpp2ppp/5n2/3q4/6b1/2P2N2/PP1NPPPP/R3KB1R w KQ - 0 12	0.0
311	1nk2b1r/rpp2ppp/5n2/8/5qb1/2P2N2/PP2PPPP/R3KB1R w KQ - 2 14	0.0
311	1nk2b1r/rpp2ppp/5n2/3q4/6b1/2P1P3/PP3PPP/R3KB1R w KQ - 1 16	0.0
311	1nk2b1r/rpp2ppp/5n2/5b2/8/2P1PP2/qP4PP/3RKB1R w K - 0 18	0.0
311	1nkr4/rpp2ppp/5n2/2b2P2/8/2P2P2/1q2B1PP/4K2R w K - 0 22	0.0
311	1nk5/rpp2ppp/5n2/5P2/8/2Pr1P2/1q4PP/4K1b1 w - - 0 24	0.0
312	4r1k1/1pp2pp1/p1np4/5q2/3P4/2P1B3/PP3PP1/R3KR2 w Q - 2 19	0.5
312	4r1k1/1pp2pp1/p2p4/3Pn3/4q3/2P1B3/PP3PP1/2KR1R2 w - - 1 21	0.5
312	6k1/1pp2pp1/p2p4/3P4/4q3/2PR4/PPK5/8 w - - 4 29	0.5
313	rn6/pp2kBp1/1qp5/6N1/4p1R1/2P5/P1P3PK/3R4 b - - 0 23	0.5
313	rn6/pp4p1/2p1k3/6R1/4N3/2P5/P1P3PK/8 b - - 1 29	0.5
313	rn4k1/pp4p1/2p5/5NR1/8/2P5/P1P3PK/8 b - - 5 31	0.5
313	rn5k/pp4R1/2p5/5N2/8/2P5/P1P3PK/8 b - - 2 33	0.5
313	rn5k/2R5/2p5/pp6/3N4/2P5/P1P3PK/8 b - - 1 35	0.5
319	r2qkb2/ppp2pp1/5p2/8/3n4/2NP1P1P/PPP2Pr1/R2QK2R w KQq - 0 13	0.5
319	2kr4/ppp1qpp1/5p2/8/1N1n4/3P1P1P/PPPK1Pr1/R2Q1R2 w - - 3 17	0.5
319	2kr4/ppp1qpp1/5p2/8/3n4/3P1P1P/PPP2Pr1/R1KQ1R2 w - - 2 19	0.5
319	1k6/ppp2pp1/8/2P1p3/7P/2K5/1P3P2/r7 w - - 2 33	0.5
319	1k6/ppp2p2/7p/2P1p3/8/2K5/1P3P2/5r2 w - - 0 35	0.5
321	r2qk2r/ppp1bpp1/2npbn2/7p/3P4/2N2N2/PPP2PPP/R1BQKB1R w kq - 7 9	0.5
323	r1bqk2r/pppp2pp/3p1b2/8/2BnpPQ1/2P5/PP1P2PP/R1B2RK1 b kq - 0 11	1.0
323	r1b5/pppp2kp/6p1/3B2Q1/3P4/8/PP4PP/4R1K1 b - - 2 23	1.0
325	4kbnr/1p3pp1/p7/4q1Pp/8/4B3/PPr1PP1P/R3K1NR w KQk - 0 14	0.0
325	4k1nr/Bp3pp1/p7/6qp/1b6/8/PPr1PP1P/R4KNR w k - 0 16	0.0
325	4k1nr/1p3pp1/p7/3q3p/1b6/6B1/PP2rP1P/1R4KR w k - 2 22	0.0
325	4k2r/1p3pp1/p4n2/7p/1b6/5qB1/PP2rP1P/1R4KR w k - 6 24	0.0
325	3r2k1/1p3pp1/p4n2/7p/Pb6/5qBP/1P2rP2/1R4KR w - - 1 26	0.0
326	r2qr1k1/pppb1ppp/n2b4/3P4/P2Pn3/4P3/1P2NPPP/R1BQK2R w KQ - 0 11	0.0
328	r4rk1/ppp2ppp/8/P1b5/8/3nPP2/1P1P1PKP/R1B1R3 w - - 0 15	0.5
329	4r1k1/p4p1p/3p2p1/2p5/4Pq2/3P4/PP3P1P/3R1R1K w - - 2 24	0.0
329	3R4/p4pkp/6p1/8/P4q2/5P2/1P3r1P/7K w - - 0 30	0.0
331	r2q1b1r/1pp1pkpp/p1np1n2/8/3PP1b1/2N2N2/PPP2PPP/R1BQK2R w KQ - 0 7	0.0
333	7r/6kp/p5p1/8/7P/2q5/P6K/8 b - - 0 28	0.0
333	7r/6k1/p5p1/4q2p/P6P/7K/8/8 b - - 0 30	0.0
333	5r2/6k1/p5p1/P6p/7q/8/8/6K1 b - - 3 34	0.0
335	r2qk2r/1pp1n1pp/p1n1b3/2bpPp2/5B2/2P2PP1/PP1NP1BP/R2QK1NR w KQkq - 7 9	0.5
335	r2q1rk1/1pp3pp/p1n1b1n1/2bpPp2/5B2/2P1PPP1/PP1N2BP/2RQK1NR w K - 1 11	0.5
335	2r2rk1/1pp1q2p/p1n1b1np/3pPp2/5P2/2P1bNP1/PP1N2BP/2RQKR2 w - - 4 15	0.5
335	2r3k1/1pp1q2p/p5n1/3b1rP1/8/2P1b1P1/PP1NK2P/2Q5 w - - 0 21	0.5
335	2r3k1/1pp4p/p5n1/3b1rb1/8/2P3P1/PPKNq2P/2Q5 w - - 2 23	0.5
335	2r3k1/1pp4p/p5n1/8/8/2Pq2P1/bP5P/2K5 w - - 0 29	0.5
336	r3k2r/pbp1nppp/8/4P3/P2b1Bq1/2N3P1/1PP1PP1P/R3K2R w KQkq - 0 12	0.0
336	5rk1/pbp1nppp/8/4P3/P2r1B2/2N2PPq/1PP1P2P/4KR2 w - - 1 16	0.0
336	5rk1/p1p1nppp/8/4P3/P1br4/2N2PPq/1PPBPR1P/4K3 w - - 5 18	0.0
336	3r2k1/p1p1nppp/8/4P3/P1P5/2N2PP1/2qrPR1P/4K3 w - - 0 22	0.0
336	3r2k1/p1p1nppp/8/4P3/P1P5/2q2PP1/4PRKP/3r4 w - - 2 24	0.0
336	3r2k1/p1p1nppp/8/4q3/P1P3P1/5P1K/4PR1P/6r1 w - - 1 26	0.0
338	rn2k1n1/pp1b1pp1/2p5/2P1q1p1/P7/2PBP3/1r1N2PP/R3K1NR w KQq - 0 13	0.0
340	2kr2nr/ppp3pp/2n1b3/2b1Pp2/7P/5N2/PP1NPPP1/R3KB1R w - - 7 12	0.0
340	1k1r3r/ppp3pp/2n5/2bbPp2/7P/4PN2/PP1N1PP1/3RK2R w - - 0 16	0.0
340	1k1r4/ppp3pr/8/2bbnp2/7P/4P3/PP1N1PP1/3RK2R w - - 0 18	0.0
340	1k1r4/ppp3pr/8/4np2/1b5P/4P3/PP1N1Pb1/3RK2R w - - 0 20	0.0
340	1k1r4/ppp3pr/8/5p2/1b5P/3nP2b/PP1NKP2/3R4 w - - 0 22	0.0
340	1k1r4/ppp3pr/8/5p2/1b5P/3nP3/PP1N1PK1/3b4 w - - 0 24	0.0
340	1k6/ppp3p1/8/5p2/1bNr2r1/8/PP6/3b1K2 w - - 4 30	0.0
342	r1b1kb1r/ppp1pppp/5n2/8/3Pn3/P4N2/1PP2PPP/RNBQ1RK1 w kq - 1 9	1.0
343	r1b1k1nr/p5pp/2p5/2P1P3/4P2q/2N2P1P/P1P1N1K1/R1B4R w - - 2 15	0.5
343	r3k1r1/p6p/2p2P2/2P2n2/7q/2N2P1P/P1P5/R1B2K1R w - - 3 21	0.5
343	3rk3/p6p/2p2Pr1/2P2n2/4N2q/5P1P/P1PB4/R4K1R w - - 7 23	0.5
343	5k2/p6p/2pr1qr1/8/4R3/5P1P/P1PB4/5K1R w - - 0 27	0.5
343	5k2/p6p/2p3r1/8/5B2/3K1P1r/P1P5/8 w - - 0 31	0.5
343	5k2/p6p/2p5/4B2r/4K3/5P2/P1P3r1/8 w - - 4 33	0.5
343	8/p4k1p/2pB4/7r/8/4KP2/P1r5/8 w - - 0 35	0.5
343	8/p4k1p/2pB4/7r/4K3/5P2/3r4/8 w - - 2 37	0.5
345	2r2knr/p4ppp/B7/2p5/4p3/P3B3/1PP2PPP/R3K1NR b KQ - 0 12	0.5
345	5k1r/p4ppp/2r2n2/2p5/2B1p3/P3B3/1PP2PPP/2KR2NR b - - 4 14	0.5
345	2r3kr/p4ppp/5n2/2p5/2B1pN2/P3B3/1PP2PPP/2KR3R b - - 8 16	0.5
345	4r1kr/6pp/4p3/4B3/p1B1R3/P7/1PP2PPP/2KR4 b - - 0 24	0.5
345	4r1k1/3R2pr/4p3/4B2p/p1B2R2/P7/1PP2PPP/2K5 b - - 3 26	0.5
345	2r2k2/3R4/4BB2/7p/8/PP6/1K3PPP/8 b - - 2 36	0.5
346	2rqkb1r/pp3ppp/2n1pn2/5b2/3P1B2/2N2N2/PP2PPPP/R2QKB1R w KQk - 0 8	0.5
346	2r1k2r/pp3ppp/2nqpn2/5b2/3P4/2N2N2/PP2PPPP/2RQKB1R w Kk - 0 10	0.5
346	8/6p1/4k3/5p1p/R6P/8/PP4P1/6K1 w - - 1 30	0.5
346	8/5kp1/R7/7p/1P3p1P/8/P5P1/6K1 w - - 0 32	0.5
349	r3k2r/ppp1np1p/8/4P3/3P1p2/4qP1B/PP2P2P/3RK2R w Kkq - 3 15	0.0
349	3r1rk1/ppp1np1p/8/4P3/3P1p2/4qP1B/PP2PR1P/3RK3 w - - 7 17	0.0
349	8/ppp2r1k/8/8/5p2/5P2/P2qPK1P/6R1 w - - 3 27	0.0
349	8/ppp3rk/8/8/5p1P/5P2/P2qPK2/4R3 w - - 3 29	0.0
350	rn3bnr/ppp2k1p/8/1b6/4P3/2P2K2/P4PPP/RN3qNR w - - 0 12	0.0
350	rn3br1/ppp2k1p/8/1b6/4nP2/2P4K/P5PP/RN4R1 w - - 1 16	0.0
350	rn4r1/ppp2k1p/8/1bb5/4nP2/2P3P1/P5KP/RN4R1 w - - 3 18	0.0
351	r4rk1/1pp2ppp/p7/3N4/3pP2P/P6P/1PB2K2/6R1 b - - 1 26	0.5
351	r4rk1/1p3p1p/p5p1/2pNPB2/3p3P/P6P/1P3K2/6R1 b - - 1 28	0.5
351	3r1r1k/1p3p1p/p4Np1/2p1P3/3pB2P/P6P/1P3K2/6R1 b - - 5 30	0.5
351	3r1r1k/5p1p/p4NpP/1pp1P3/4B3/P2p3P/1P3K2/6R1 b - - 0 32	0.5
351	5r1k/5p1p/p5pP/1p1NP3/8/P1P4P/3p1K2/3R4 b - - 0 36	0.5
352	4k1r1/pp1q1pp1/3bpn2/8/3P4/5N2/PPP2PPP/R4RK1 w - - 2 16	0.0
352	4k1r1/pp3pp1/3bpn2/6q1/3P4/3N4/PPP2PPP/R4RK1 w - - 6 18	0.0
352	4k2r/pp3pp1/3bp3/6q1/3Pn3/3N2P1/PPP2P1P/3R1RK1 w - - 3 20	0.0
352	4k2r/pp3pp1/3bp3/8/3Pq3/3N2P1/PPP2P1P/3R2K1 w - - 0 22	0.0
352	7r/pp2kpp1/4p3/4b3/7P/6P1/PPP2PK1/3q4 w - - 2 26	0.0
352	3r4/pp2kpp1/4p3/P3b3/7P/6P1/1PP2PK1/4q3 w - - 1 28	0.0
353	r3kb1r/p1p2ppp/2p2n2/4NP2/4p2P/8/PPPP3P/RNBQK2R b KQkq - 1 10	0.5
353	r4rk1/p1p2ppp/2N2n2/2b2P2/4p2P/2N5/PPPP3P/R1BQK2R b KQ - 2 12	0.5
353	4rrk1/2p2ppp/p1N2n2/2b2P2/4p2P/2N5/PPPPQ2P/R1B1KR2 b Q - 1 14	0.5
353	4rrk1/2p2pp1/2N2n1p/P1b2P2/4p2P/2N5/1PPPQ2P/R1B1KR2 b Q - 0 18	0.5
353	4rrk1/2R2pp1/2N2n2/5P1p/4p2P/2N5/1PPPQ2P/2B1KR2 b - - 0 22	0.5
353	4rr2/2R2ppk/2N2n2/5P1p/1P2p2P/2N5/2PP2QP/2B1KR2 b - - 2 24	0.5
354	4kb1r/p1PRpppp/8/4N3/n7/8/P1K2PPP/7R b k - 2 19	1.0
355	r3kb1r/ppp1pppp/2n2q2/8/8/2N5/PPPP2PP/R1B1KB1R w KQkq - 0 9	0.0
355	1k1r1r2/ppp1p1pp/8/8/3n2B1/2N5/PPPP3q/R1BK4 w - - 2 17	0.0
356	4kbr1/1p1qppp1/3p1n1p/Q7/3P1B2/2PP1N2/5PPP/2R1R1K1 b - - 0 16	0.5
356	3qkbr1/Q3ppp1/3p1n1p/1p6/3P1B2/2PP1N2/5PPP/2R1R1K1 b - - 3 18	0.5
356	3q1r2/1Q3pp1/3p1k1p/3P4/4RB2/5N2/5PPP/6K1 b - - 0 28	0.5
356	3q1r2/5ppk/3p3p/3P4/3QRB2/5N2/5PPP/6K1 b - - 4 30	0.5
356	5rk1/2q2pp1/3p3p/3P4/3Q1B2/5N1P/5PP1/4R1K1 b - - 0 32	0.5
358	7k/pp4p1/2ppr3/8/8/2nb2P1/P4PKP/7R w - - 0 27	0.5
359	6k1/2Q5/8/5p2/8/8/PP2PP1P/6K1 w - - 0 34	0.5
360	r2r2k1/ppR2ppp/8/4p3/8/P1P1B1P1/4NP2/5RK1 b - - 2 21	0.5
360	3r2k1/2R2ppp/1R6/5N2/p1P1p3/P5P1/5PK1/8 b - - 0 29	0.5
360	4r1k1/2R2pp1/1RP5/5N1p/p3p3/P5P1/5PK1/8 b - - 0 31	0.5
360	6k1/3P1pp1/1R6/5N1p/p3p3/P5P1/5PK1/8 b - - 0 33	0.5
360	1R1Q4/6pk/5p2/5N1p/p3p3/P5P1/5PK1/8 b - - 0 35	0.5
361	3rk2r/pb1p1ppp/1p1n4/6q1/1n6/1P5P/P1P1PPP1/1KR2B1R w k - 0 18	0.0
361	3rk2r/pb1p1ppp/1p1n4/8/1n6/1Pq1P2P/P1P2PP1/1KR2BR1 w k - 1 20	0.0
361	3r1r2/pb1p1ppk/1p1n4/8/1n6/1Pq1P2P/P1P2PP1/1KR3R1 w - - 0 22	0.0
361	3r1r2/p2p1ppk/1p1n4/8/1n2b3/1P2P2P/P1Pq1PP1/1KR5 w - - 0 24	0.0
361	3r1r2/p2p1ppk/1p6/8/1Pn5/1q2P2P/5PP1/K7 w - - 1 28	0.0
362	5k2/1p3pp1/8/4n1B1/2n5/6K1/2P2PP1/8 b - - 5 25	0.5
362	5k2/5pp1/2n5/1p3PB1/2n5/6K1/2P3P1/8 b - - 0 27	0.5
362	5k2/5p2/8/3n4/1pnBK3/8/6P1/8 b - - 3 33	0.5
362	5k2/5p2/8/8/1p1B4/2n5/1n1K2P1/8 b - - 7 35	0.5
364	1k2r3/pp6/3b2p1/3b4/3N4/2r1PN2/P4PP1/K4R2 w - - 2 26	0.5
364	1k6/8/1p1bN1p1/p7/P2NbP2/1K2P1P1/8/2r5 w - - 4 36	0.5
368	4r1k1/p2p1pp1/P6p/2P5/8/2P1p1P1/1P4KP/3q4 b - - 1 30	0.0
369	2r1kb1r/2p1pppp/3q1n2/1b2pP2/4P3/P1P1R3/1P1P2PP/R1BQ2K1 w k - 1 15	0.5
369	6k1/2p1ppb1/2b3p1/2P1p3/4P3/P3R3/5KPP/2r5 w - - 2 31	0.5
371	rnb1kb2/ppp2pp1/5p2/6q1/3r4/2N5/PPPP1PPP/R1B1K2R w KQq - 0 10	0.5
371	r1b1k3/ppp2pp1/2nb1p2/6q1/3r4/2N3P1/PPPP1P1P/R1B2RK1 w q - 1 12	0.5
371	r1k5/ppp2pp1/8/7q/P6B/2N3P1/1P3n1K/8 w - - 0 24	0.5
372	1k6/1p4p1/2n4p/3p4/P7/2P1P2P/1P3PP1/6K1 w - - 0 28	0.5
372	8/1p4p1/2nk3p/3p4/P7/2P1P2P/1P2KPP1/8 w - - 4 30	0.5
372	8/1p4p1/3k3p/P2p4/1Pn5/2P1P2P/4KPP1/8 w - - 1 32	0.5
373	4rrk1/pb3ppp/1pnp4/5n2/5B2/2P2N2/PP3QPP/RK3B1R b - - 3 16	1.0
373	3r1rk1/p4ppp/1p1p4/1B1QnnN1/5B2/2P5/PP5P/RK5R b - - 2 20	1.0
373	3r1r2/p3Q2p/1p1p3k/1B4N1/5p2/2P5/PP5P/RK5R b - - 1 26	1.0
375	r4bnr/pppk2pp/2n5/4P1B1/4N3/6P1/PPP4P/R3KBNR w KQ - 0 11	0.5
375	2kr1bnr/ppp3pp/2n5/4P3/4N3/5NP1/PPP4P/R3KB1R w KQ - 2 13	0.5
375	1k3r2/1pp1b1p1/4P2p/8/Pp1NN3/6P1/1n2B2P/7K w - - 0 27	0.5
376	r4bkN/p5pp/2n1b3/1p1p4/3p1P2/8/PP5K/R1Bq4 w - - 0 24	0.5
379	6k1/1p3pp1/2p1b2p/B7/P3P1nP/2Nr4/1P2RPP1/6K1 w - - 3 26	0.5
379	6k1/1pB2pp1/2p4p/8/P1b1P1nP/2N5/1P1r1PP1/4R1K1 w - - 7 28	0.5
379	6k1/1p3pp1/8/P1pbP2p/5BnP/8/1Pr2PP1/3NR1K1 w - - 1 32	0.5
381	r1b4k/1pp3pp/4p3/1Bn1N3/1p3P1b/4p3/P5PP/1K1R1R2 w - - 2 23	0.5
381	2b4k/1pp3pp/4pb2/4N3/5P2/2r1p1PP/K7/3R1R2 w - - 2 29	0.5
382	5rk1/N4ppp/1p6/2b1P3/8/3q4/KP6/8 b - - 2 30	0.0
383	1r2k2r/p1p2p1p/p2b1p2/3Np3/P3Q3/5N2/2P2PPP/2KR3R b k - 0 14	1.0
383	4k3/p4p1p/2N2p2/4p3/P3Q3/b4N2/2PK1P1R/3R4 b - - 0 20	1.0
383	4k3/p4p2/2N2Q2/4p3/Pb6/5N2/2P1KP1R/3R4 b - - 2 24	1.0
384	B4k2/3n1p1p/1p5b/pp6/3P4/7P/PPP2P1P/R3K2R w KQ - 1 17	0.5
385	r1b2rk1/pp3ppp/2n1pn2/2b3N1/5P2/2NB4/P1PB2PP/Q3KR2 b - - 2 12	1.0
385	r4rk1/pp1b1ppp/2n1p3/2b3N1/4NP2/8/P1PB2PP/Q3KR2 b - - 0 14	1.0
386	2b1kb1r/1pp1pppp/8/r3q3/3n2n1/2NP4/PPP1NPPP/R1B1KB1R w k - 6 10	0.0
386	2b1kb1r/1pp1pppp/8/3rq3/6n1/3P4/PPP1BPPP/R1B1K2R w k - 0 12	0.0
386	4kb1r/1pp1pppp/4b3/8/5P2/1P1q4/K7/R1B5 w k - 0 24	0.0
386	4kb1r/1pp1pppp/8/5b2/5P2/1P6/2q5/KRB5 w k - 4 26	0.0
386	4kb1r/1pp1ppp1/8/5b1p/5P2/1P6/KR6/2q5 w k - 0 28	0.0
386	4kb1r/1pp1ppp1/4b3/8/1P3P1p/1R6/K7/2q5 w k - 0 30	0.0
386	4kb1r/1pp1ppp1/8/1P6/5P1p/1b6/2q5/K7 w k - 0 32	0.0
387	2rqkb1r/ppp1p1pp/2n1bn2/5p2/P2P4/2N1PN2/1P1B1PPP/R2QKB1R w KQk - 1 9	0.0
387	2r1kb1r/2p1p1p1/p1nqbn1p/5p2/P2P4/2N1PN2/1P1B1PPP/2RQ1RK1 w k - 0 13	0.0
390	1Qb1kbnr/4p1pp/8/p1P2pB1/8/8/P3PPPP/1R2KBNR b Kk - 0 12	1.0
391	7R/4k3/1p6/3p2p1/8/2BB2P1/1P3K2/8 w - - 2 28	0.5
391	7R/8/1B1k4/3p4/6p1/3B2P1/1P3K2/8 w - - 1 30	0.5
391	7R/8/1B1k4/3p4/6B1/6P1/1P3K2/8 w - - 1 32	0.5
392	3R4/ppk1n1r1/5p1p/1P3P2/8/P3r2P/7P/3R3K w - - 7 34	0.5
393	2kr4/pp4pr/2p1pn2/2b1n3/P7/2N1P3/1PPB2PP/R2K3R w - - 2 15	0.5
393	2kr4/pp4p1/2p1pn2/P1b5/2n4r/2N1P3/1PPB2PP/R1K4R w - - 1 17	0.5
393	1k1r4/pp4p1/2p1pn2/P1b5/2r5/2N1P3/1PPB2PP/2K4R w - - 0 19	0.5
393	1k1r4/pp4p1/2p1pn2/P1b5/6r1/1PN1P3/2PB2PP/2K1R3 w - - 1 21	0.5
393	1k1r4/pp4p1/2p1pn2/P1b5/6r1/1PN1P1P1/2PB3P/3KR3 w - - 3 23	0.5
393	1k1r4/pp4p1/2p2nr1/P1b1p3/4P3/1PN3P1/2PB3P/2K1R3 w - - 5 27	0.5
393	1k1r4/pp4p1/2p2n2/P3p1r1/4P3/1PN1R1P1/2P4P/2K5 w - - 1 29	0.5
393	1k6/pp4p1/2p2n2/P5r1/3pP3/1PN3P1/2P4P/2K5 w - - 0 31	0.5
393	1k6/pp4p1/2p2n2/8/1P1pP2P/r1N3P1/2P5/2K5 w - - 1 33	0.5
395	r1bqkb2/pppp1pp1/2n1p2r/8/3PP1n1/2N2N2/PPP2P1P/R2QKB1R w KQq - 0 7	0.5
395	r1b1kb2/pppp1pp1/2n1p2r/8/3PP1q1/2N5/PPP2P1P/R3KB1R w KQq - 0 9	0.5
395	r1b1kb2/pppp1pp1/7r/3P4/3n2q1/8/PPP2P1P/R3KB1R w KQq - 0 11	0.5
395	r1b1kb2/pppp1pp1/8/3P4/3n4/8/PPP2P1r/2K2R2 w q - 0 15	0.5
395	r1b1k3/pppp1pp1/8/3P4/1b6/5n2/PPP2P1r/1K1R4 w q - 4 17	0.5
396	r1b3k1/ppp3bp/2n5/5P2/7B/7q/PPP1rP1P/R5KR w - - 0 17	0.0
396	r1b5/ppp2kbp/2n5/8/7q/8/PPP1rP1P/R5KR w - - 0 19	0.0
398	r4rk1/pp1b2pp/2p1pn2/6Q1/P1NPp3/2P5/5PPP/R4RK1 b - - 6 19	0.5
399	r2qkb1r/1pp1pppp/5n2/p2Pnb2/2p2N2/2N1P3/PPPB1PPP/R2Q1RK1 w kq - 8 10	0.5
399	r2qkb1r/1p2pppp/2n2n2/p4b2/2p2N2/2N1P3/PPPB1PPP/2RQ1RK1 w kq - 0 12	0.5
399	r4rk1/1p3ppp/2n5/p3p3/2p1q1b1/4B3/PPP1N1PP/2RQR1K1 w - - 4 20	0.5
401	r3k2r/p4ppp/2pbpn2/8/8/2N1PN2/PPP2P1P/R1B1K2R w KQkq - 2 12	0.5
405	r1b1k1nr/pppp2pp/2n5/2b1Pp2/6q1/2N2NP1/P1PPP1BP/R1BQK2R w KQkq - 6 8	0.5
405	7k/pB3bp1/3p3p/5p2/5P2/2PP2P1/P3n2P/1K1R4 w - - 1 26	0.5
406	r4r1k/2p2p1p/4pNp1/6N1/3Q4/p5P1/P7/3R1RK1 b - - 0 26	1.0
410	r1b1r3/ppp2k2/2n3p1/8/3P1bn1/5N2/PP1PNPP1/R1B1K3 w Q - 0 17	0.5
410	r1b1r3/ppp2k2/6p1/3n4/3N1bn1/8/PP1PNPP1/R1B1K3 w Q - 0 19	0.5
410	3rr3/pppb1k2/6p1/P2n4/3N1bn1/8/1P1PNPP1/R1B1K3 w Q - 1 21	0.5
410	3r3r/p1pb2k1/Pp4p1/8/3N1nn1/8/1P1P1PP1/R1B3K1 w - - 0 25	0.5
410	8/p1pb2k1/Pp3np1/8/1P1N1n2/4rP2/2KP1r2/R1B5 w - - 8 31	0.5
410	8/p1pb2k1/Pp3np1/8/1P1N4/3n1P2/R2P1r2/1KB1r3 w - - 12 33	0.5
411	r3k3/ppp1np2/3p4/5b1P/2n5/8/6K1/4q3 w q - 4 31	0.5
412	2r1kb1r/ppp1ppp1/2n4p/3Q4/5B2/5N2/PP2BPPP/R4RK1 b k - 0 13	1.0
413	r1bq3r/pppk2pp/2n2n2/4p3/2B1p3/2N5/PP1PNKPP/R1B4R b - - 2 9	0.0
414	rn6/ppp2B1p/3k4/8/8/2P5/P1P2PPP/R3K1NR w KQ - 0 15	1.0
415	rnb2rk1/1p1p2pp/5qn1/p2Ppp2/2B5/2N1PN2/PPP3PP/R2QK2R b KQ - 2 11	0.5
415	rn3rk1/1p1b2pp/3p1qn1/p2Ppp2/2B5/2N1PN2/PPP3PP/2RQ1RK1 b - - 3 13	0.5
417	r4rk1/ppp2pbp/5n2/4N1p1/2p5/2N1P3/PPPR1PPP/4R1K1 b - - 0 13	0.5
417	5rk1/p1pR1p2/P2b4/1p4Np/2p3pP/2P1P3/1P3PP1/6K1 b - - 0 23	0.5
418	6r1/1k3pp1/p1p4p/P7/1bPB4/5N1P/5PP1/1R4K1 b - - 4 32	0.5
423	r1b1k2r/pp1q1ppp/2n2n2/2b5/1p2PB2/3B1N2/P1P2PPP/RN3RK1 w - - 8 11	0.0
423	1rb1k2r/pp3ppp/2n2n2/2b5/1p2P1q1/3B1N2/P1PN1PPP/R4RK1 w - - 2 13	0.0
423	1rb1k2r/pp3ppp/2n2n2/2b5/1p2Pq2/3B1N2/P1P2PPP/R4RK1 w - - 2 15	0.0
423	1r2k2r/pp3ppp/2n2n2/2b3q1/1p2P3/3B2Pb/P1P2P1P/R4RK1 w - - 1 17	0.0
423	1r2k2r/pp3ppp/2n2n2/2b3q1/1p2P3/3B2Pb/P1P1RP1P/R5K1 w - - 5 19	0.0
423	1r2k2r/pp3ppp/2n2q2/2b5/1p2P1n1/3B2Pb/P1P1RP1P/R5K1 w - - 9 21	0.0
423	1r2k2r/pp3ppp/2n5/2b5/1p2P1n1/3B1qP1/P1P1RP1P/5K2 w - - 1 23	0.0
424	r2qk1nr/ppp2ppp/2n5/4P3/2p3b1/P4N2/P2PP1PP/R1BQKB1R w kq - 3 9	0.0
424	r2q4/ppp1n2k/2n5/8/2p2rb1/P4N2/P2PP1PP/R3KB1R w - - 0 15	0.0
424	r7/ppp1n2k/8/8/2pq1rb1/P7/P2PP1PP/3RKB1R w - - 0 17	0.0
425	r1b1k2r/ppp1bppp/n7/8/4P3/4B1P1/PPP2PP1/R3KB1R b KQkq - 1 11	0.5
426	3rk2r/pp3ppp/8/8/4n3/8/PPP3KP/7R w k - 2 19	0.0
426	5rk1/pp4pp/8/8/P3np2/8/1PPr3P/2R4K w - - 0 23	0.0
426	5rk1/pp4pp/8/P7/1P2n3/8/2Pr1p1P/2R4K w - - 0 25	0.0
427	r3k1n1/pppb1ppr/n7/3N4/2P1P3/4N3/4KPP1/8 b q - 2 17	0.0
427	r3k1n1/ppp2pp1/n7/3N1P2/2P5/8/4KPP1/7r b q - 0 19	0.0
427	3r1k2/ppp1np2/n4N2/8/2P3P1/5K2/5P2/7r b - - 2 23	0.0
427	5k2/ppp1np2/n4N2/6K1/2P3P1/3r4/5P2/4r3 b - - 6 25	0.0
428	r1b1k2r/pp3ppp/2n2q2/3p4/1b2p3/5N2/P1PPPPPP/R2QKB1R w KQkq - 0 10	0.0
428	r3k2r/pp3ppp/2n5/3p4/1b5P/4Pq2/P1PP4/R3KB1R w KQkq - 0 16	0.0
428	r3k2r/pp3ppp/2nb4/3p4/6qP/2P1P2R/P2P4/R3KB2 w Qkq - 1 18	0.0
430	r1bqk1nr/pp1p3p/8/5Pn1/1bPN4/4B3/PP2KPPP/R4B1R b kq - 1 12	0.0
431	rnbqkbr1/pp3ppp/3p1p2/8/8/2N3P1/PPP1PPBP/R1B1K1NR b KQq - 1 7	0.5
431	r1bqkbr1/p4ppp/2pp1p2/8/8/2N2NP1/PPP1PP1P/R1B1K2R b KQq - 1 9	0.5
434	rn2kbr1/ppp1n1pp/8/4p1N1/P3p3/8/1PPQ1PP1/R1B1KB1R b Qq - 0 10	0.5
434	2kr1br1/pppnn1pR/4N3/4p3/P3p3/8/1PPQ1PP1/R1B1KB2 b Q - 2 12	0.5
434	8/pp5Q/3k4/4p3/R3p3/8/1PP2PP1/4K3 b - - 0 24	0.5
434	8/pp2k3/6Q1/4p3/R7/4P3/1PP3P1/4K3 b - - 0 26	0.5
434	8/1p4Q1/p3k3/4p3/R5P1/4P3/1PP5/4K3 b - - 0 28	0.5
434	8/1p6/p1k5/4Q1P1/R3P3/8/1PP5/4K3 b - - 0 32	0.5
435	2kr2n1/p1p2p2/8/1bb5/4P3/3P4/PPP1K1P1/RNQ5 w - - 1 16	1.0
435	2kr4/p1p2p2/2b2n2/2b5/4P3/2NP1K2/PPP3P1/R1Q5 w - - 5 18	1.0
436	2bq4/p1p2k2/p1Q1p3/3p4/3N4/2N5/PPP2PPB/R4RK1 b - - 2 17	1.0
436	1Qb5/3q4/p3p1k1/3pB3/3N4/2N5/PPP2PP1/R4RK1 b - - 2 21	1.0
436	1Qb5/3q3k/4p3/p2pB3/3N4/2N5/PPP2PP1/3RR1K1 b - - 1 23	1.0
436	2b5/8/4pBk1/p2pQ3/N2N4/8/1PP2PP1/3RR1K1 b - - 0 27	1.0
438	2rqk3/ppp1n1pp/4Q3/2BpP3/8/2N1P3/PP4PP/R4KNR b - - 0 13	1.0
438	2r5/pp4pp/2p5/4k3/5N2/4P3/PP2N1PP/3R1K1R b - - 1 19	1.0
438	6r1/pR4pp/2p5/8/5N1k/4P2P/PP2N1P1/5K1R b - - 0 23	1.0
441	rn2k1nr/ppp4p/3bp1p1/4p1Q1/4P3/2N5/PPP2P1P/R3K1NR b KQkq - 1 10	1.0
441	r3k2r/ppp1n2p/2nbp1p1/4p1Q1/4P3/2N2N2/PPP2P1P/R4RK1 b kq - 5 12	1.0
441	r5k1/ppp1n2p/2nbpQp1/4p3/4P3/2N5/PPP2P1P/3R1RK1 b - - 2 16	1.0
441	8/ppp2k2/3bR3/3P2Q1/3p3P/8/PPP2P2/6K1 b - - 0 28	1.0
441	8/1pp2k2/3bR2P/3P2Q1/p2p4/8/PPP2P2/6K1 b - - 0 30	1.0
442	r1bq1rk1/1pppn1pp/p7/4QpB1/8/2N5/P1P1PPPP/R3KBNR b KQ - 0 9	0.5
442	8/2pr1kpp/1p6/8/8/2N2P2/P5PP/2R3K1 b - - 4 31	0.5
442	8/2pr1kpp/1pR5/8/4N3/5P2/P5PP/6K1 b - - 8 33	0.5
443	r3kb1r/pp1bpp1p/5n2/2n1N3/8/4BN2/PPP2PP1/R2QK2R b Qkq - 6 12	1.0
445	6R1/3k4/2p3p1/7p/2BB3P/5P2/1PP5/1K6 b - - 1 34	0.5
447	rn2kb1r/ppp1qppp/3p1n2/8/2P1p3/2N5/PP1PNPBP/R1BQ1RK1 b kq - 2 8	1.0
447	1k1r1b1r/ppp1qppp/3p1n2/8/2PQpB2/2N3N1/PP3PBP/R4RK1 b - - 0 12	1.0
447	1k6/3Q4/1p1p4/p1p1b1P1/2P1B3/8/P4P2/3RR1K1 b - - 0 30	1.0
447	1k6/3Q4/1p6/p1pB2P1/2P5/8/P4P1K/3RR3 b - - 0 32	1.0
448	rn1qr3/pb2k1p1/2p1pn1p/3pNp2/P2P4/3BP3/1PP2PPP/2BQK2R b K - 1 11	0.5
448	r2qr3/pb2k1p1/2p1pn1p/3pPp2/P7/3BP3/1PP2PPP/2BQ1RK1 b - - 0 13	0.5
448	r3r3/pb3kp1/2p1p3/3pP1p1/P3p3/4P3/1PPB1PPP/3R2K1 b - - 1 19	0.5
448	r3r3/1b3kp1/2p1p3/p2pP3/P2Bp1p1/4P3/1PP2PPP/3R2K1 b - - 1 21	0.5
448	r3r3/5kp1/2p1p3/p1BpP3/P3p1p1/4P3/1PP1bPPP/4R1K1 b - - 5 23	0.5
448	r3r3/5kp1/b1p1p3/p1BpP3/P3p1p1/1P2P3/2P2PPP/3R2K1 b - - 2 25	0.5
450	r6r/ppk1bppp/2np4/2n1pQ2/2P5/5N2/PP6/R1B1KB1R b KQ - 0 15	1.0
450	r6r/ppk1bpR1/2np4/2Q5/2P2B2/5p2/PP6/R3KB2 b Q - 0 19	1.0
452	r1b1kb2/pp3pp1/2pp4/7P/8/8/PP2BqP1/nNBK3R w q - 0 15	0.0
452	r3kb2/pp3pp1/2pp4/5bBP/8/2N5/PPn1BqP1/3K3R w q - 4 17	0.0
453	r1b1k1nr/pppp1ppp/2n5/4P3/4P3/2P3Pq/PP1P2R1/RNBQKB2 w Qkq - 1 8	0.0
453	r3k2r/pppbnp1p/2n3p1/4P3/3PP3/2P3P1/PP5q/RNB1KB2 w Qkq - 0 12	0.0
453	r3k2r/p1pbnp1p/p1n3p1/4P3/3PP3/2P2KP1/Pq6/RN6 w kq - 0 16	0.0
453	r3k2r/p1p1np1p/p5p1/3P4/4P1b1/2P3P1/P2K4/1q6 w kq - 2 22	0.0
453	r3k2r/p1p1np1p/p5p1/3P4/4PKb1/2P3P1/4q3/8 w kq - 2 24	0.0
454	r2r4/p1p2kpp/b1n5/2p5/4P3/P7/1PP2KPP/RNB4R b - - 1 15	0.5
454	r7/5kpp/1B6/8/2b1P3/2N5/2n2KPP/3R4 b - - 6 29	0.5
455	3r2k1/1pp2p1p/5p2/p7/P1P5/3b1PbP/1r4P1/2R3KR w - - 1 27	0.5
457	rn3rk1/pbp3b1/4p3/1P6/5pnP/P1NR1N2/1P2PPP1/4KB1R w K - 0 15	0.5
458	rnbq3r/ppp2ppp/4kn2/2Pp4/P4B2/2N5/1PQ1PPBP/R3K2R b KQ - 2 10	0.5
458	rnbq3r/ppp2ppp/4kn2/2Pp4/P4B2/2N5/1PQ1PPBP/3R1RK1 b - - 6 12	0.5
461	3r1r2/ppp2pkp/2n5/4p3/6P1/2PnP3/P2N2PP/R4RK1 b - - 1 17	0.5
461	3r1r2/ppp2pkp/2n5/4p3/6P1/2PnP3/P2N2PP/R4RK1 b - - 5 19	0.5
461	3r1r1k/2p2p1p/1pn2N2/p3pR2/6P1/2PnP3/P5PP/1R4K1 b - - 1 23	0.5
461	3r1r1k/2p2p1p/1pn2N2/4p1R1/6P1/p1PnP3/P5PP/3R2K1 b - - 1 25	0.5
461	3r1r1k/2p2p2/2n2N1p/1p2pR2/4P1P1/p1Pn4/P5PP/3R2K1 b - - 1 27	0.5
463	r3k1nr/p1p2p1p/7p/1R6/2n5/2P4B/P1P1PP1P/4K2R w Kkq - 1 13	0.5
463	6k1/r6p/4p2p/8/P7/4K3/4PP1P/8 w - - 2 31	0.5
463	8/5k1p/4p2p/7P/r7/4K3/4PP2/8 w - - 0 33	0.5
463	8/5k1p/4p2p/7r/8/3K1P2/4P3/8 w - - 0 35	0.5
463	8/5k1p/4p3/2r4p/5P2/4K3/4P3/8 w - - 0 37	0.5
464	rk5r/ppp2ppp/2nbb1n1/8/4P3/2PB1NP1/PP3P1P/R2QK2R w KQ - 2 13	1.0
464	rk1r4/ppp2ppp/2n1b1n1/2b5/4P3/2PB1NP1/PP1Q1P1P/R4RK1 w - - 6 15	1.0
464	rk1r4/ppp2ppp/4b3/2b1n3/4P3/2PB2P1/PP1Q1P1P/R3R1K1 w - - 0 17	1.0
465	r3kb1r/pppbpppp/2n2n2/6N1/5P2/3Q4/PPP3PP/RNB2RK1 b kq - 6 8	1.0
465	3rkb1r/pppb1ppp/2n1pn2/6N1/5P2/2NQ4/PPP3PP/R1B1R1K1 b k - 1 10	1.0
465	3rk2r/pppb1ppp/2n1pn2/6N1/5B2/2NQ4/PPP3PP/R3R1K1 b k - 0 12	1.0
465	3rk2r/ppBb1ppp/2nQpn2/6N1/8/2N5/PPP3PP/R3R1K1 b - - 2 14	1.0
465	3nk1r1/pp1b1ppp/3Qpn2/6N1/8/2N5/PPP3PP/3RR1K1 b - - 1 16	1.0
465	8/pp2kp1Q/2n1p1p1/8/4N3/8/PPP3PP/3RR1K1 b - - 0 22	1.0
466	1k1n4/ppp5/8/8/8/3P4/1P3PPP/4R1K1 b - - 1 27	0.5
466	3n4/pppk4/8/7P/8/3P4/1P3PP1/4R1K1 b - - 0 29	0.5
466	8/1ppk1n2/p7/7P/8/3P4/1P3PP1/4R1K1 b - - 1 31	0.5
467	2r3k1/3q1ppp/1n1pp3/8/1P1PnP2/3N4/2PP2KP/R1B2R2 w - - 1 23	0.5
467	6k1/5ppp/3pp3/8/1P1PqP2/3N2K1/2rP3P/2B5 w - - 0 29	0.5
467	6k1/5pp1/3pp1q1/7p/1P1P1PN1/6K1/2rP3P/2B5 w - - 0 31	0.5
467	6k1/5pp1/3pp3/8/1P1P2PK/3q4/3P4/2r5 w - - 0 35	0.5
468	B5k1/2p4p/4p2p/8/5Pb1/6P1/1P3P1P/2R3K1 b - - 0 27	0.5
468	6k1/7p/2R1p2p/5b2/5P2/5BP1/1P3P1P/6K1 b - - 0 29	0.5
468	8/6kp/4R2p/8/5PP1/3b1B2/1P3P1P/6K1 b - - 0 31	0.5
469	rnb1kb1r/p1p3pp/8/1p1Q1p2/8/6PN/PPP1PP1P/R1B2RK1 b q - 0 12	1.0
469	rnb2b1r/p4kpp/2p5/1p2QpB1/8/6PN/PPP1PP1P/R4RK1 b - - 3 14	1.0
471	rn1qk3/3pn1pp/1pp5/p3P1B1/2b1P3/P1N2Q1P/2P2PP1/3RK2R b K - 0 14	1.0
471	rn4k1/3p3p/1pp3pR/4P3/p5Q1/P1N4P/2P2KP1/3R4 b - - 0 24	1.0
474	r1bq1rk1/p1pn1ppp/4pn2/8/2P5/2P1BN1P/P3PPP1/3RKB1R b K - 2 10	0.0
476	7r/p2k2pp/1p3b2/1R1P4/6P1/3P4/P3B3/5K2 b - - 0 30	0.5
477	2rqr1k1/5ppp/p1nbbn2/8/3PP3/2N2N2/PPP3PP/2RQ1RK1 w - - 0 14	0.5
477	2r3k1/5ppp/p7/3q4/8/1R6/PP4PP/4R1K1 w - - 3 26	0.5
477	2r3k1/5ppp/8/3q4/p7/1R5P/PP4PK/4R3 w - - 0 28	0.5
477	3r2k1/5ppp/2R5/8/p7/7P/qP4PK/4R3 w - - 2 30	0.5
479	1k3b1r/2p1p1pp/2p1p3/2P5/1P6/3r1n2/P2P1P1P/R1B2K2 w - - 1 19	0.5
479	1k3br1/2p1p1pp/2p1p3/2P5/PP6/3K3P/5P2/n1B5 w - - 0 23	0.5
479	8/1kpK3p/n1p5/P1P3p1/8/7P/5r2/8 w - - 2 33	0.5
479	3K4/1kp4p/2p5/P1n3p1/8/7P/4r3/8 w - - 2 35	0.5
480	4rk1r/ppB1n1pp/5p2/5b2/2Q5/1KN5/PP4PP/3R1B1R w - - 2 19	1.0
482	r2q2k1/1pp4p/p1n5/3pp1p1/8/2N2B2/PPPP1KPP/R1B1R3 b - - 0 15	0.5
486	2r5/pp1q1ppk/5n2/2b5/8/P1P2P2/1P2r1BP/5R1K w - - 1 20	0.0
486	2r5/pp3ppk/5n2/2P5/8/P1P2P2/3q2rP/5R1K w - - 0 22	0.0
486	2r5/pp3ppk/5n2/2P5/8/P1P2q2/8/6K1 w - - 0 26	0.0
487	4r1k1/ppp2ppp/8/3q4/P3p1Q1/4P2P/1PP2PB1/1K3R2 b - - 4 21	1.0
487	4r1k1/1ppR1p1p/6p1/p7/P3p2Q/4P2P/1KP2PB1/8 b - - 0 25	1.0
487	5rk1/1ppR1p2/5Qp1/p6p/P3B3/4P2P/1KP2P2/8 b - - 0 27	1.0
487	5rk1/3R1p2/5Qp1/p1pB4/P6p/4P2P/1KP2P2/8 b - - 1 29	1.0
488	r1bq1r1k/ppppp1bp/8/6N1/Q1PnBp2/2N5/PP3PPP/R1B2RK1 b - - 2 11	0.5
488	r1bq1r1k/ppppp1bN/8/8/Q1PnBp2/2N5/PP1B1PPP/R4RK1 b - - 0 13	0.5
488	r1bq1r1k/ppppp1b1/8/6N1/Q1PnBp2/2N5/PP1B1PPP/4RRK1 b - - 4 15	0.5
488	6k1/1p6/2pp4/4bN2/2P1Bp2/8/P2BRPPP/1R4K1 b - - 6 29	0.5
490	3r1b1r/ppp1p1pk/2nq1n2/5b2/3P4/2N1B3/PPP2PPP/R2QK2R w KQ - 0 11	0.5
490	5b1r/ppp1p2k/5n1p/8/8/8/PPb2PPP/3N2K1 w - - 0 17	0.5
490	5b1r/ppp1p2k/7p/3b4/8/4KP2/PP4PP/8 w - - 1 21	0.5
490	7r/ppp1p2k/7p/3bb3/PP6/4KP2/6PP/8 w - - 1 23	0.5
490	7r/ppp1p2k/7p/1P6/P4P2/2b1K3/6bP/8 w - - 0 25	0.5
490	8/ppp1p2k/7p/1P6/P2r1P1b/8/4K1bP/8 w - - 8 29	0.5
490	8/ppp1p2k/7p/1P3P2/7b/8/3K2bP/r7 w - - 2 31	0.5
491	8/pp5p/1k6/8/PP1p4/3b2P1/2r5/3K4 b - - 3 34	0.5
494	r3kb1r/ppp1pppp/2n1bn2/8/4P3/2N2N2/PPP2PPP/R1BK1B1R w kq - 5 7	0.5
494	2r1kb1r/ppp1pppp/2n1b3/8/4N3/2N5/PPP2PPP/R1BK1B1R w k - 1 9	0.5
495	r3k3/pp6/8/2p1b3/2b5/2N5/PPP2Pr1/3RKR2 w q - 0 20	0.5
495	2k1r3/pp6/8/2p5/8/2P5/bP3r2/2KR3R w - - 0 26	0.5
495	3R4/ppk5/8/2p5/8/1bP5/1P3r2/2K5 w - - 1 30	0.5
496	6kr/4B1p1/1p1N3p/5Q2/8/p1P5/P1P2PPP/3RR1K1 w - - 0 23	1.0
497	r3kbnr/ppp1pppp/2n5/1B6/8/5P2/PPP2P1P/RNBK3R b kq - 2 8	0.5
497	4r2k/2pN2pp/2p2p2/P3p3/5n1P/5r2/1PP5/RK4R1 b - - 0 26	0.5
497	4r2k/P1pN2pp/2p2p2/8/5n1P/4pr2/1PP5/RK4R1 b - - 0 28	0.5
499	r2qkb1r/pp2pppp/8/2n2P2/3NpB2/2P5/PP3PPP/RN1QK2R w KQkq - 1 10	0.5
