0	7r/pp3pkp/8/3p4/2n2P2/8/PPP1P2P/4R1K1 w - - 1 20	0.5
0	7r/pp3pkp/8/3p4/5P2/1P6/P1n1PK1P/4R3 w - - 0 22	0.5
0	7k/5p2/7p/8/5P2/1n6/4PK1P/8 w - - 0 32	0.5
0	8/5p2/6kp/8/5P1P/1n2K3/4P3/8 w - - 1 34	0.5
1	r1bq1rk1/p1pp1ppp/2n2n2/1pb5/3p1B1P/5N2/PPPNPPP1/2RQKB1R b - - 9 8	0.0
2	r1b1k2r/p1p2ppp/p1nq1n2/3p4/3Pp3/7P/PPP2PP1/R2QK1NR w KQkq - 0 11	0.0
2	r1b2rk1/p1p2ppp/p1n2n2/3p4/3Pp3/7P/PPP2PPq/R2Q1KN1 w - - 2 13	0.0
2	4rr2/p1p2ppk/p1n2n2/3p4/3P4/2K2P1b/PPP5/2q5 w - - 0 21	0.0
3	r3k2r/p1n2ppp/5n2/5N2/3PpB2/P7/1PP1QPPP/R3K1R1 b Q - 2 16	1.0
3	3rk2r/3n1pp1/Q2Bn2p/5N2/3PR3/P7/1PP2PPP/2KR4 b - - 0 22	1.0
3	3rk1r1/2Qn1pp1/3Bn3/5N1p/3PR3/P7/1PP2PPP/2KR4 b - - 1 24	1.0
6	4Q1R1/1pk3p1/6Np/8/Pp2p1p1/8/1PPn3P/2K5 b - - 0 31	0.5
7	1r3k2/p2n1pp1/7p/2p2N2/2p1N3/3pB2P/Pb1K2P1/4R3 b - - 1 25	0.5
7	3r1k2/p2n1pp1/7p/2p2N2/2N5/3pB2P/Pb1K2P1/4R3 b - - 0 27	0.5
7	3r4/p2n2k1/3B1bp1/2p5/2N5/7P/P1K3P1/4R3 b - - 2 33	0.5
8	4r3/1p5R/p4k2/8/5r2/1PN5/P1PK1bP1/8 b - - 4 24	0.5
9	r3k2r/ppp1ppb1/2n3p1/3n1b2/3P1PqP/4BN2/PPP1P1P1/1K1R1B1R w kq - 0 12	0.0
9	r6r/ppp1pk2/2n3p1/8/3b1PqP/4n3/PPb1P1P1/K3RB1R w - - 0 16	0.0
9	1r6/ppp2k2/6p1/2n5/8/5P2/P2K2P1/6r1 w - - 2 32	0.0
9	7r/ppp2k2/6p1/2n5/6P1/5P2/P5r1/2K5 w - - 3 34	0.0
10	r4k1r/ppp2p1p/2n2P1p/8/6b1/8/PPP2KPP/R4BR1 w - - 3 14	0.0
14	r3kb1r/1p3ppp/p4p2/1bP5/1n3P2/1P3N2/PKP1PBPP/3q1B1R w kq - 0 15	0.0
16	3k3r/pp3ppp/5n2/1pb1P3/8/2N5/PPP4P/1K6 b - - 0 19	0.5
16	3k4/pp3ppp/5n2/1Pb1r3/8/2N5/1PP4P/1K6 b - - 0 21	0.5
16	8/1p2kpp1/8/1K1P3p/7r/8/1b6/8 b - - 0 35	0.5
18	r1b2k2/ppp3pB/3p1r2/7Q/2Pp4/8/PP4PP/R1BKR3 b - - 7 18	0.5
21	rn3bnr/p3pk1p/6p1/1PQ5/8/5q2/PP5P/RNB1K1R1 b Q - 1 12	0.0
21	rnQ3nr/p3pk1p/6p1/1P6/8/5q2/PB5P/RN2K1R1 b Q - 0 14	0.0
22	rn6/1p3kpp/2p5/p7/4P1P1/P5P1/KP3PB1/3q4 w - - 0 27	0.5
22	r7/1p3kpB/2p5/2n1P3/p4Pq1/P5P1/KP6/8 w - - 0 31	0.5
24	3rr1k1/5pp1/pR1p4/8/2P1b3/4Pn1P/PP3K2/3R4 b - - 0 29	0.5
25	3rr1k1/1p3pp1/7p/p1pPPb2/8/6P1/PPP1Q2P/R3KB1q w Q - 0 19	0.0
25	3r2k1/5pp1/p6p/2pPrb2/p1P5/6P1/PP3KBq/R7 w - - 0 23	0.0
25	3r2k1/5pp1/3P3p/p1p2b2/p1P1r3/6P1/PP3KBq/3R4 w - - 0 25	0.0
26	r1k4r/ppp1ppbp/2n2np1/8/4P1b1/2N2N2/PPPPBPPP/R1B2RK1 w - - 8 9	0.5
26	r1k5/pp5p/2p3p1/3RP3/8/1P6/P1P1rPPP/R5K1 w - - 0 23	0.5
26	1r6/1p1k3p/2p5/R3P2p/P7/1P3P2/2P3P1/3K4 w - - 1 33	0.5
28	r2qkr2/pppb2pp/6n1/4Pp2/P7/8/1PP3PP/RNB1KBR1 w q - 0 12	0.0
28	2kr1r2/ppp3pp/4b3/1B2np2/P7/2N5/1PP2KPP/R5R1 w - - 3 18	0.0
30	2r1kb1r/p1qpppp1/b3nn1p/2p5/2P2P2/1QNBPN2/PP4PP/R1B2RK1 w k - 8 12	0.5
31	6k1/pppr2pp/2n5/P3p1B1/4b2P/2P5/4PPP1/4KB1R w K - 2 20	0.5
32	8/1p4p1/8/3p1k1p/p4p1P/2P5/PP3KP1/8 w - - 1 33	0.5
32	8/1p4p1/8/3p3p/p3kp1P/2P5/PP2K1P1/8 w - - 5 35	0.5
32	8/1p4p1/8/3p3p/p6P/2P2k2/PP1K4/8 w - - 0 37	0.5
33	3qk2r/1pp2pbp/2n2np1/3p4/Rp3B2/3PPP2/5QPP/1N2K1NR b Kk - 0 13	0.5
33	4n1k1/2pq1pb1/6pp/1p6/1p1pP3/3P1PN1/3N1QPP/1R4K1 b - - 1 23	0.5
37	8/p5p1/4Q3/3p4/5k2/8/PP4PP/6K1 b - - 0 32	0.5
37	8/p5Q1/8/8/3p4/4k3/PP4PP/6K1 b - - 0 34	0.5
37	8/p7/8/4Q3/7P/3p4/PP1k2P1/6K1 b - - 0 36	0.5
38	r3k1nr/ppp2pp1/2n5/2b1P2p/6b1/2N1P2N/PP3KPP/R4R2 w kq - 3 12	0.0
38	3r2nr/ppk2pp1/2n5/2b1P2p/6b1/4P2N/PP3KPP/R4R2 w - - 0 14	0.0
38	6r1/ppk5/5p2/2b1n3/5K1p/4P3/PP1r2PP/6R1 w - - 2 22	0.0
38	6r1/pp6/2k1Kp2/2b1n3/7p/4P3/PP3rPP/6R1 w - - 6 24	0.0
39	4r1k1/1B3ppp/1p3n2/p7/8/2R3P1/1P2PP1P/3R2K1 w - - 1 25	0.5
40	r1b1kb1r/1p2pppp/pNn2n2/8/3p4/3P1N2/PPP1PPPP/R2QKB1R b KQ - 7 8	1.0
42	r4rk1/ppp1bppp/2n5/3qP3/3P2b1/2P1B1N1/PP1N2PP/R3KB1R w KQ - 2 12	0.0
42	3r1rk1/ppp2p1p/2n2b2/7q/3P2b1/2P1B3/PP4PP/R3KB1R w KQ - 0 16	0.0
43	8/2R3pk/8/5p2/P1b5/6P1/5K1P/2r5 b - - 2 31	0.5
44	6k1/p7/8/1p2N3/7Q/8/PK4PP/5R2 w - - 3 33	1.0
48	1r4k1/1p2Rp2/5R2/p6P/5p2/1P6/1P3PP1/6K1 b - - 2 29	0.5
48	6k1/1p2RR2/8/p6P/5p2/1P6/1P3PPK/3r4 b - - 2 31	0.5
49	r3kbn1/p1p2pp1/8/3P1b2/8/8/PPPPKP1r/2R5 w q - 0 17	0.0
49	r3k1n1/p1p2pp1/8/3P1b2/P2b4/8/1PP1KP1r/2R5 w q - 0 19	0.0
49	r3k1n1/p1p2pp1/8/P2P4/3b4/7r/1Pb1KP2/5R2 w q - 1 21	0.0
49	r3k1n1/p1p2pp1/8/P2P4/3b4/5P2/2b4r/4KR2 w q - 5 25	0.0
49	r4kn1/p1p2pp1/P7/3P4/3b4/5P2/2b2r2/4K3 w - - 1 27	0.0
51	3rkb1r/pppbpppp/5n2/8/3P4/B1N2N2/P1QP2PP/R4RK1 b k - 8 12	0.5
51	5rk1/pp3p2/2p5/6N1/3Q4/8/P2P2PK/5R2 b - - 0 26	0.5
51	6k1/pQ6/2p2r2/5pN1/8/8/P2P2PK/5R2 b - - 0 28	0.5
51	6k1/Q7/2p2r2/5pN1/8/6K1/P2P2P1/5R2 b - - 0 30	0.5
52	4r3/ppp2pk1/3p3p/3P2q1/4r3/7P/PP3PP1/3R1K1R w - - 2 19	0.5
52	4r3/ppp2pk1/3p3p/3P2q1/8/6PP/Pr3P2/3R2KR w - - 0 21	0.5
52	4r3/ppp2pk1/3p3p/3P4/P3qP2/6PP/1r6/3R2KR w - - 1 23	0.5
52	4r3/ppp2pk1/3p3p/3q4/P4PK1/6PP/3r4/8 w - - 0 27	0.5
52	8/ppp2pk1/3p3p/P4q2/5P1K/6PP/3r4/4r3 w - - 1 29	0.5
55	5rkr/p5pp/3bp3/3pN3/3PnP2/1q1BK3/1P1B2PP/3RR3 w - - 4 22	0.0
56	2r4k/1p5p/4b1q1/3p4/5Q2/2P1P2P/3K1P2/8 w - - 10 32	0.5
59	r3k2r/1pp2p1p/2n4n/p3p3/2B1N2Q/8/PPPP2P1/R1B1K2R b KQkq - 0 14	1.0
59	r7/1pp1kp2/2n2N1Q/p3p3/2B5/8/PPPP2K1/R1B2R2 b - - 0 20	1.0
61	5rk1/p5p1/4p2p/8/2R5/2P4P/PP1PK1P1/R1B5 b - - 2 26	1.0
62	5b2/pkp4p/1p4p1/8/1P6/2P5/P4P1P/2K5 w - - 0 23	0.5
62	8/p1p4p/1pkb2p1/8/1P6/2P4P/P1K2P2/8 w - - 1 25	0.5
62	8/p1p4p/8/1p1kb1p1/1P6/2PK1P1P/P7/8 w - - 0 29	0.5
62	8/p1p5/8/1p1kb2p/1P3p2/P1PK3P/8/8 w - - 0 31	0.5
62	8/p1p5/8/1p1k3p/1P3p1b/P1P5/4K3/8 w - - 0 33	0.5
62	8/p1p5/8/1p1k4/1P3p1p/P1P3b1/4K3/8 w - - 0 35	0.5
62	8/p1p5/8/1p6/1Pk2p2/P4Kbp/8/8 w - - 0 37	0.5
63	3rr1k1/pp2qppp/2p1pn2/3pR3/3P4/2N3Q1/PPP2PBP/3R2K1 b - - 1 16	0.5
63	3rr1k1/pp2qppp/2p1pn2/P2pR3/3P4/2N3Q1/1PP2PBP/3R2K1 b - - 0 18	0.5
64	8/p1p2k1p/3p4/8/2p3p1/6P1/P2K3P/5q2 b - - 1 35	0.5
65	8/p4k2/P1p5/8/4P1p1/8/1P3PKP/R1B1R3 w - - 1 32	0.5
67	r4rk1/ppp1n1pp/8/2b1P3/2b4P/2N2N2/PPP2P1P/3RK2R w K - 0 14	0.0
67	5rk1/ppp1n1pp/8/4P3/2r4P/2N5/P1P2P1P/4K2R w K - 0 18	0.0
67	5rk1/ppp1n1pp/4P3/8/7P/8/r3NP1P/4K2R w K - 0 20	0.0
67	6k1/ppp3pp/2n1Pr2/8/7P/8/3KNP1P/8 w - - 3 24	0.0
67	6k1/ppp1n1p1/5r1p/7P/8/8/3KNP1P/8 w - - 0 26	0.0
67	8/ppp2kp1/5r1p/3n3P/5P1P/8/3KN3/8 w - - 1 28	0.0
67	8/pp3kp1/7p/2pn3P/3N1r1P/3K4/8/8 w - - 0 30	0.0
67	8/pp3kp1/7p/7P/1n1N3P/2p5/5r2/1K6 w - - 2 34	0.0
72	r7/pN3p1k/5n2/4B3/8/1P6/P1P1nPPP/5K2 b - - 4 24	0.5
72	8/p4N1k/8/8/2P5/1Pn2P1P/6PK/r7 b - - 2 34	0.5
73	rn4n1/p3k1pr/8/1p6/4p3/1P6/P1PB1PPP/RN2K2R w KQ - 0 13	0.5
73	r4kn1/p5pr/8/1p6/4N3/1P6/P1nB1PPP/3R1RK1 w - - 2 17	0.5
73	r5k1/p5p1/3N1n2/7r/Pp3B2/1P5P/2n2PP1/3R1RK1 w - - 0 21	0.5
73	8/R7/4nk2/8/Pp6/1P5P/6PK/3r4 w - - 3 35	0.5
74	6k1/1p3pp1/2p4p/p1Prq3/P5p1/4P3/6PP/4R1K1 w - - 0 29	0.5
75	r1b1k3/1ppp3r/2n5/pq3p2/6n1/1P2PNP1/P1PN1PB1/R2QK3 w Qq - 2 15	0.5
75	r1b1k3/1ppp1r2/2n5/p4p2/1qP3n1/1P2PNP1/P2N1PB1/R2Q1K2 w q - 3 17	0.5
75	r1b1k3/1pppr3/2n5/p4p2/1qP3n1/1P2PNP1/P2N1PB1/R2Q1K2 w q - 7 19	0.5
77	4r1k1/pp3ppp/8/P1pp1P1P/3N2n1/2P3P1/1P3P2/R5K1 w - - 0 27	0.5
80	2rq1r2/ppp1pp1k/2np4/3Q2B1/8/2P2N2/P1P2PPP/R4RK1 b - - 0 13	0.5
80	2rq1rk1/ppp2p2/2npp2B/8/4Q3/2P2N2/P1P2PPP/R4RK1 b - - 1 15	0.5
81	1k1r1b1r/1p4pp/n3pn2/1Np1p3/8/4p1P1/PPPBN2P/R2K3R w - - 0 15	0.5
82	2r3k1/4pp1p/7p/8/8/r2q4/3p1PPP/1R3RK1 w - - 0 30	0.5
87	1k1r3r/ppp1b1pp/4Pp2/5n2/2BP4/2P4P/PP1N1P1P/R4RK1 w - - 3 16	0.5
87	1k1rr3/1pp3p1/4Pp1p/1P1P1n2/2B1R3/p1P4P/P4P1P/3R2K1 w - - 2 24	0.5
87	1k1rr3/1pp3p1/4Pp1p/1P1P1n2/4R3/p1P4P/P3BPKP/3R4 w - - 6 26	0.5
89	rn3rk1/ppp2ppp/7q/8/4PNn1/6P1/PPP2PK1/RNB2R2 w - - 7 12	0.0
89	rn3rk1/ppp2ppp/8/8/3qPNn1/6P1/PPP2PK1/RNB2R2 w - - 11 14	0.0
89	2r2rk1/ppN2ppp/2n5/8/4PBn1/2N2KPq/PPP2P2/R4R2 w - - 3 20	0.0
91	3qkb1r/r1ppp1pp/bpn5/p3P3/P2Pn3/5N2/1PP1P1PP/R1BQKB1R w k - 5 11	0.0
91	3qkb1r/r1p1p1pp/bpn5/p3P3/P2Pp3/8/1PP1P1PP/R1BQKB1R w k - 0 13	0.0
91	r2qkb1r/2p1p1pp/1pn5/p3P3/P1bPp3/2P1B3/1P2P1PP/R2QKB1R w k - 1 15	0.0
91	r2qk2r/2p1b1pp/1pn1p3/p3P3/P1bPp2P/2P1B3/1P2P1P1/2RQKB1R w k - 1 17	0.0
91	2rq1rk1/2p1b1pp/1pn1p3/p3P3/P1bPp2P/2P3P1/1P2PB2/2RQKB1R w - - 3 19	0.0
94	3k4/6Q1/2p1p1B1/ppnp4/8/P1P1P3/2P2PP1/2R1K3 w - - 2 26	1.0
96	rn3k1r/pp2p2p/3p1n2/6Q1/5p2/8/PP1P2PP/RNB1R1K1 b - - 2 21	1.0
96	r4k1r/pp2p2p/3p1n2/4n3/5Q2/2N5/PP1P2PP/R1B1R1K1 b - - 0 23	1.0
96	3rk2r/pp2p2p/3p1n1Q/4n3/3P4/2N5/PP4PP/R1B1R1K1 b - - 0 25	1.0
96	3r1knr/1Q2pn1p/3p4/p2N4/3P4/8/PP4PP/R1B1R1K1 b - - 1 29	1.0
97	8/1p1k4/1p1P2r1/6P1/2P4P/6K1/PP6/3RR3 w - - 1 36	0.5
99	3rr1k1/1Qp2p1p/6p1/p2np3/P3N1b1/8/1P1P2PP/R1B3KR b - - 0 19	0.5
99	2r4k/2p2p1p/6p1/p2Np3/P7/8/1P1PbKPP/R1B4R b - - 2 23	0.5
99	2r5/2p2pkp/6p1/p3p3/P1b1N3/8/1P1P1KPP/R1B4R b - - 6 25	0.5
99	2r5/2p3kp/6p1/p1N1p3/P1b2p2/8/1P1P1KPP/R1B1R3 b - - 1 27	0.5
99	5r2/2p3kp/6p1/p1N5/P1bPP3/6K1/1P5P/R1B1R3 b - - 2 31	0.5
100	8/ppk4N/2p5/5p2/8/5P2/PP4PP/3K4 w - - 0 27	0.5
100	8/ppk5/8/5pN1/2p4P/5P2/PP4P1/3K4 w - - 0 29	0.5
101	4kb1r/ppp2ppp/2n5/3Qp1B1/4p3/8/PPP1KPPP/R6R b k - 1 12	1.0
101	4k2r/ppp3pp/2n2p2/4p3/1b2Q3/4B3/PPP1KPPP/R6R b k - 0 14	1.0
102	8/p1p1k1pp/2p2p2/8/8/2P1PKPP/P1P2P2/8 w - - 2 27	0.5
102	8/p1p3p1/2p1kp2/7p/4K2P/2P1P1P1/P1P2P2/8 w - - 2 29	0.5
102	8/2p3p1/2pk1p2/p6p/P2K3P/2P1P1P1/2P2P2/8 w - - 0 31	0.5
102	8/2p3p1/4kp2/p1p4p/P4K1P/2P1P1P1/2P2P2/8 w - - 0 33	0.5
102	8/2p2k2/5pp1/p1p4p/P1P1PK1P/6P1/2P2P2/8 w - - 1 35	0.5
104	r3r1k1/1pqb1p2/p1np4/7p/2P5/P1nBBP2/2P2PPP/2R1R1K1 w - - 3 22	0.5
104	r5k1/1p3p2/p2p4/5nBp/8/P4P2/2q2PPP/6K1 w - - 0 30	0.5
104	r5k1/1p3p2/p2p4/6Bp/3n4/P4PPP/4qP2/6K1 w - - 1 32	0.5
104	r7/1p3pk1/p2p4/6Bp/5P2/P4nPP/4qPK1/8 w - - 3 34	0.5
105	r1b1k2r/ppp1bppp/2n1pn2/8/2N1pP2/1P6/PBP1B1PP/R2QK1NR b KQkq - 3 8	1.0
105	r4rk1/pppbbppp/4p3/3nP3/3Bp3/1P5N/P1P1B1PP/R2QK2R b KQ - 2 12	1.0
105	r4rk1/ppp1bppp/2b1p3/3nP3/3B4/1P1Qp2N/P1P1B1PP/R4RK1 b - - 1 14	1.0
106	2r3k1/2P2ppp/5n2/4pP2/p7/4B3/1r3PPP/2R1R1K1 w - - 1 30	0.5
107	2r1kbnr/1p2pppp/8/p1pNPbN1/2Pn1B2/8/PP3PPP/R1K2B1R b k - 10 12	0.5
108	r2qk1nr/ppp2pbp/7p/1b6/1n2P3/5N2/PPPNPPPP/1K1R1B1R w kq - 8 9	0.0
114	2kr2nr/ppp1bppp/8/3PP3/1PB5/5N2/P1b2PPP/R1B1K2R w KQ - 0 12	0.5
116	r2k3r/pp1bn2p/2p5/8/5Np1/1Rb1B3/P1P2PPP/5RK1 b - - 5 19	0.5
116	r3k2r/pR1b3p/2p5/4n3/3B2p1/8/P1P2PPP/5RK1 b - - 2 23	0.5
116	r3k2r/p1R4p/b1p5/4n3/3B2p1/8/P1P2PPP/4R1K1 b - - 6 25	0.5
116	r2k3r/p1R4p/2p5/4B3/6p1/8/P1P1RPPP/6K1 b - - 0 27	0.5
116	8/7R/2pk4/8/6p1/8/P1P2PPP/6K1 b - - 0 35	0.5
117	7N/p1pk2p1/2p1pn2/2b5/8/P7/1PP3PP/RNB1K2R w KQ - 1 16	0.5
117	8/p1p3p1/2p5/4p1B1/4k3/b7/2P3PP/3RKR2 w - - 0 26	0.5
117	8/3R4/8/2p1p1B1/p3k3/2P2R2/4K1PP/6b1 w - - 1 34	0.5
117	8/8/8/2pkp1B1/R7/2P2R2/4K1Pb/8 w - - 1 36	0.5
119	r1bq1bnr/ppp1k2p/2n1p3/1B1p1p1Q/8/P4N2/1PPP1PPP/RNB1K2R b KQ - 3 8	0.5
121	2k1r3/1p4pp/1pp2p2/8/8/1P3K2/P1P3Pb/8 w - - 0 29	0.5
121	8/1pk3pp/1pp2p2/8/6K1/1P2r1P1/P1P4b/8 w - - 3 31	0.5
121	8/1pk3pp/1pp2p2/8/4K3/1Pr5/P1P4b/8 w - - 2 33	0.5
121	8/1pk3pp/1pp2p2/4bK2/1P6/8/P1r5/8 w - - 0 35	0.5
122	r1bk3r/ppp2ppp/2n5/4p3/4N3/7P/PPP1PPP1/2R1KB1R w K - 2 12	0.5
122	r1k4r/ppp2ppp/8/4P3/4b3/7P/PPP2PP1/3RKB1R w K - 1 16	0.5
124	r5k1/1p3ppp/2n5/p7/8/2pKP2P/5PP1/8 b - - 1 26	0.0
124	2r3k1/1p3ppp/8/p3n3/3K4/4P2P/5PP1/8 b - - 2 28	0.0
124	6k1/1p4pp/5p2/p3nK2/2r5/4P2P/5PP1/8 b - - 3 30	0.0
125	5k1r/p2R1ppp/1b6/8/P1B1P3/5K2/7r/1N6 b - - 2 26	0.5
125	5k1r/p2R1pp1/1b6/7p/P1B1P3/7K/5r2/1N6 b - - 1 28	0.5
125	5k1r/R4pp1/8/b6p/2B1P3/8/5r2/1N5K b - - 0 32	0.5
125	3b2kr/3R1pp1/8/7p/2B1P3/2N5/5r2/7K b - - 4 34	0.5
127	2r3k1/p4p1p/4rBp1/2p2n2/8/1P3NnP/P3PKP1/8 w - - 6 25	0.0
127	4r1k1/p4p1p/6p1/2p2n2/8/1P3NPP/P3r3/7K w - - 1 31	0.0
127	3r2k1/p4p1p/6p1/2p5/6P1/1P3NnP/P3r3/6K1 w - - 3 33	0.0
128	1k2r3/1pq1b1pp/p1n2n2/2P2b2/8/2N1BNP1/PPP3BP/2RR2K1 w - - 1 17	0.5
128	1k2r3/1pq1b1pp/p1n1b3/2PR4/8/4BNP1/PPP3BP/2R3K1 w - - 1 19	0.5
128	1k2r3/1p2b1pp/p1n5/2Pb4/5P2/5N2/PPP3BP/2R3K1 w - - 0 21	0.5
128	1k6/1p4pp/p7/8/3b1P2/6K1/5r1P/2R5 w - - 2 29	0.5
128	7R/1pk5/p5p1/8/5P2/4b1K1/5r1P/8 w - - 3 35	0.5
129	3r2k1/pp2bppp/8/4pp2/8/1P4N1/P1P2PPP/5RK1 b - - 1 21	0.5
129	3r2k1/pp2bp1p/6p1/5p2/4p3/1P6/P1P1NPPP/4R1K1 b - - 1 23	0.5
131	1rb2rk1/p1qpbppp/p3p3/4P3/3P4/1P3N2/P1P3PP/RN1Q1K1R w - - 1 12	0.5
131	1r3rk1/p1qpbppp/p3p3/3bP3/3P4/1P3N2/P1PN2PP/R2Q2KR w - - 5 14	0.5
131	3r1rk1/p1qpbppp/p1b1p3/4P3/2PP4/1P3N2/P2N2PP/2RQ2KR w - - 3 16	0.5
131	3r1rk1/p1qpbppp/p3p3/2P1P3/2NPb3/1P3N2/P5PP/2RQ2KR w - - 3 18	0.5
131	3r1rk1/p2p1ppp/p2Pp3/q3P3/3Pb3/1P3N2/P5PP/2RQ2KR w - - 1 20	0.5
131	4r1k1/p2p1ppp/p2Pp3/4P3/3P4/1Pr2P2/P2R3P/6KR w - - 3 26	0.5
131	6k1/p2p1ppp/p1rPp3/4P3/3P4/1P3P2/P4RKP/8 w - - 2 30	0.5
132	rnbq1rk1/pp3p1p/4pnp1/2bp2N1/5P2/2N4Q/PPP1P1PP/R1B1KB1R b KQ - 1 8	1.0
132	r1bq1rk1/1p1n1p2/4pnp1/p2p2Np/5P2/2N1Q3/PPP1P1PP/1K1R1B1R b - - 1 12	1.0
132	r1br2k1/1p3p2/4pnp1/2n3Np/p1B1pP2/2N3Q1/PPP3PP/1K5R b - - 1 16	1.0
132	r1bN4/1p5k/4pnp1/2n4p/p1B1pP2/2N3Q1/PPP3PP/1K5R b - - 0 18	1.0
133	7r/kp6/n2Q1p2/R2P4/6b1/P1P5/1KP5/8 b - - 0 36	0.5
135	5r2/6pp/2k5/8/8/2N1R3/PP4PP/2K5 w - - 0 29	0.5
135	8/6pp/2k5/8/4N3/8/PPKR2PP/4r3 w - - 8 33	0.5
136	2r3k1/3R4/7p/2b5/2p4p/8/5P1P/6K1 w - - 0 37	0.5
138	3r1r1k/p6p/2p1P3/8/2PP2n1/3pb1P1/P3N2P/R3K2R w KQ - 0 21	0.5
138	2R5/p5kp/8/8/2Pb2P1/6r1/P1K5/8 w - - 2 31	0.5
138	8/p6p/2R5/6k1/2Pb2P1/6r1/P1K5/8 w - - 6 33	0.5
140	2r5/p1p1k2p/2pb3p/5P1P/4r3/8/PPP3P1/2KR4 b - - 0 23	0.5
140	8/p1p4p/2p4p/5k1P/PK6/4r3/8/6r1 b - - 2 33	0.5
142	3rr3/pp2b1pN/2p1b2k/3p3P/6P1/2PBPK2/PP6/3R3R w - - 1 23	0.5
145	r1b2rk1/pp1qp1b1/2n3pp/2P5/5Pn1/2N1PN2/PPPB2PP/R4RK1 w - - 0 12	0.0
145	r1b2r2/pp1q3k/6pp/2P1n3/6n1/2N1P3/PPPB2PP/3RR1K1 w - - 0 16	0.0
146	8/4pk1p/8/2P5/5B2/2b5/P3KP2/3r3q b - - 0 32	0.5
146	8/4pk2/8/2P5/P6p/2b1B3/4KP2/3r3q b - - 1 34	0.5
151	r1b1k1r1/pppq2p1/2n5/2b1Pp1p/6n1/1P2PNP1/P1P2P1P/RNB1KB1R w q - 0 10	0.5
151	r1b1k1r1/1ppq2pN/8/p1b1np1p/8/1PN1PnP1/P1P1KP1P/R1B2B1R w q - 0 14	0.5
151	r3k1r1/1pp3pN/2q1b3/p4p1p/8/1P2BnP1/P1P2PKP/2R4R w q - 2 20	0.5
153	r1bq1rk1/p1p3pp/p7/3pPp2/1b1Pn3/1PN2N2/PBP1P1PP/R3KB1R w KQ - 0 10	0.0
153	r1b1r1k1/p1p3pp/p3P3/3p1p2/8/1P6/P5PP/2qBK2R w - - 6 22	0.0
153	r1b3k1/p1p3pp/p3r3/3p1p2/6qP/1P6/P5PK/7R w - - 2 26	0.0
155	6k1/p4ppp/8/1P3n2/3p1Bn1/2N5/5PPP/6K1 w - - 0 28	0.5
156	R7/ppB1P2k/2p5/5p1p/1P5P/4K1P1/PP6/8 b - - 0 30	1.0
157	2b1kr2/3p2p1/1qpb3p/8/2B5/2P1PN2/P2P1nPP/nNK1R3 w - - 0 18	0.0
157	4kr2/3p2p1/1q5p/2p1P3/2B1b3/2P1P1P1/P4n1P/nNK1R3 w - - 1 22	0.0
157	4k3/3p2p1/1q5p/1Np1P3/2B1b3/2P1PrP1/P1n2n1P/2K1R3 w - - 5 24	0.0
157	3k4/3p2p1/1q5p/4P3/2p1N3/2Pr2P1/P1K4P/5n2 w - - 0 30	0.0
158	r4br1/5kp1/5n2/p2pQb2/3R3p/8/PP2PPP1/3K1B1R b - - 0 16	1.0
159	2r1k3/p4pp1/8/2n5/3R4/5PP1/P4P1K/8 b - - 0 26	0.5
161	rnbq1rk1/pp1pn1p1/2p2p2/8/8/3P1NPP/PP1QP1B1/R3K2R w KQ - 3 15	0.5
161	rnb2rk1/pp2n1p1/1qp2p2/3p4/3P4/5NPP/PP1QP1B1/R4RK1 w - - 0 17	0.5
161	rn3rk1/pp4p1/1qp2pn1/3p1b2/3P4/4QNPP/PP2P1B1/1R3RK1 w - - 4 19	0.5
161	r4rk1/pp1n2p1/2p2pn1/3p1b2/P2P4/4QNPP/1q2P1B1/3R1RK1 w - - 1 21	0.5
165	2kr1b1r/pp2n3/2n1bp2/2p4p/2N5/3B1N2/PPP2PPP/R4RK1 w - - 8 13	0.5
165	1k3b1r/pp2n3/4Bp2/2p4p/3r4/8/PPP2PPP/4RRK1 w - - 2 17	0.5
166	3R4/8/6k1/5RB1/8/8/PP3P2/2K5 w - - 1 33	0.5
166	3R4/8/5B2/2R5/6k1/8/PP3P2/2K5 w - - 5 35	0.5
166	3R4/8/8/2R5/1P1B4/8/P3kP2/2K5 w - - 3 37	0.5
167	7r/2N1pk1p/3p1npb/p7/3P4/5K2/P1P2P1P/R7 b - - 0 18	0.5
167	8/4pk1p/3p2p1/pN1Pb3/6R1/6n1/P5K1/7r b - - 9 30	0.5
167	8/4pk1p/3p2p1/p2Pbn2/4N1R1/8/6K1/r7 b - - 5 36	0.5
170	8/3r1ppk/p5q1/8/8/8/5rPP/4R2K w - - 2 27	0.0
174	8/1p3pk1/2p2p2/8/5R2/KP3N2/5n2/8 b - - 0 31	0.5
174	8/1p3pk1/5p2/2p2R2/8/KP5n/8/4N3 b - - 3 33	0.5
175	8/k1p2pp1/8/4p3/1n2P3/2N1bq2/PP1N4/2KR4 w - - 8 25	0.5
175	8/k1p2pp1/8/4p3/4P3/P1Nnb3/1P1N1q2/1K1R4 w - - 1 27	0.5
175	8/k1p2pp1/8/4p3/4P3/P1N1bn2/1P1N1q2/2KR4 w - - 5 29	0.5
175	8/k1p2pp1/8/4p3/P3P3/3qbn2/1P1N4/1NKR4 w - - 1 31	0.5
178	r1bqkb2/2pp4/pp3p2/3P1p2/1n6/2N2N2/PPP1PPPP/R2QKB1R w KQq - 0 9	1.0
180	r1b1k1nr/1p3p2/7p/p1p1P1p1/3N4/4P3/1qP1PKPP/3R1B1R w kq - 0 16	0.5
180	r4k2/1p2np2/7p/p1p1P3/4P3/5Nrp/5qPK/5BR1 w - - 2 30	0.5
181	5b1r/pp1k1p1p/6p1/1P2P1B1/2rn4/2N2P2/P1R2P1P/5RK1 w - - 0 19	0.5
181	8/5R2/1pk2Bp1/7p/8/5P2/P4PKP/4r3 w - - 0 35	0.5
185	rnbr4/pp1pkpBp/2p5/8/2P3n1/3P4/P2QP1PP/RN2KBNR w KQ - 3 12	1.0
188	4kb1r/p1p1ppp1/4b2p/8/2p1PP2/2N1qN2/PP1RB1PP/4K2R w Kk - 5 15	0.5
189	2r2r1k/2q1b2p/pp1pQpp1/2pBp3/4N3/4B2P/PPP2PP1/1K1RR3 b - - 1 21	0.5
189	2r2r1k/2q4p/pp1pQbpB/2pBpp2/8/6NP/PPP2PP1/1K1RR3 b - - 3 23	0.5
189	5B1k/2q4p/pp1pBbp1/2p1pp2/8/6NP/PPP2PP1/1K1RR3 b - - 0 25	0.5
189	7k/3q3p/pp1p1bpB/2pBpp2/8/6NP/PPP2PP1/1K1RR3 b - - 4 27	0.5
191	4r1kr/p2p1ppp/3n4/1P6/8/1n3N2/1P1PBPPP/1RB1R1K1 w - - 5 23	0.5
191	4r1kr/p4ppp/8/1P1p4/3PnB2/1n3N2/1P2BPPP/1R2R1K1 w - - 0 25	0.5
191	8/p5k1/5N1p/1n4p1/8/4r1B1/1P4PP/5RK1 w - - 0 37	0.5
192	r1b1k3/ppp1bpp1/4pn2/2P1n3/6Pr/2N1B2B/PP2PP2/R2QK1N1 w Qq - 1 13	1.0
194	rn3rk1/pp3pp1/2pq1n2/3p1b1p/Q2P3P/2P2N2/PP1NPPP1/3RKB1R b K - 3 11	0.5
194	2qr2k1/1p3p2/2p3p1/p2pN2p/3P3P/2P3P1/PPQ4K/5N2 b - - 2 27	0.5
196	3r1rk1/pp3ppp/8/8/1B2n3/5P2/PPP4P/4K3 b - - 0 18	0.0
197	r6r/ppB2kpp/2n5/8/2P3PR/8/P1n1PP2/5K2 b - - 0 19	0.5
197	8/pp4p1/5kp1/8/4P1K1/r7/2n2P2/8 b - - 1 31	0.5
197	8/1p4p1/5kp1/p7/3nPP1K/r7/8/8 b - - 1 33	0.5
198	2Q5/5p1k/6pp/1R6/5n2/2P4P/P1P3P1/1K6 w - - 1 33	1.0
201	8/5p2/2p2k2/3p4/1P5p/5r2/2K5/8 b - - 1 34	0.5
202	r4k2/pp3p1p/7n/1b1p4/5P2/6P1/P1P4P/RN1K2NR w - - 0 18	0.5
206	1k2r3/ppp5/5p1b/6pp/P2N4/3P4/1P3PPP/1R4K1 b - - 3 25	0.5
206	1k2rb2/ppp5/5p2/7p/P2N2p1/3P2P1/1P3P1P/2R3K1 b - - 2 27	0.5
211	4kb1r/n4ppp/1p1p4/p1pP4/8/5P2/PPP2P1P/R3K2R b KQk - 0 18	0.5
211	8/4bkp1/np1p4/p2P4/P1pR1P1p/2P4P/1PK5/8 b - - 3 34	0.5
212	r3k1nr/pp3ppp/2n5/2b1P3/8/7B/PPP1Nq2/1K1R2N1 w kq - 2 12	0.0
212	4r1nr/p4kpp/8/1pb2n2/8/2P5/PP2N1B1/1K4N1 w - - 0 18	0.0
212	7r/p3n1pp/2B2k2/1P3n2/8/2P5/1PK5/6r1 w - - 1 24	0.0
212	1r6/p3n1pp/2Bn1k2/1P6/8/2P5/KP6/6r1 w - - 5 26	0.0
212	8/p3n1pp/5k2/7r/1P6/2P5/6r1/1K6 w - - 1 30	0.0
214	8/1k6/7R/p1p5/8/1P6/P4PPP/6K1 w - - 1 33	0.5
214	8/2k5/8/2p4P/R7/1P6/P4PP1/6K1 w - - 1 37	0.5
216	2r1r3/1pk2pp1/2n4p/p1bp4/P5n1/3BPN2/1PP2PPP/2KRR3 w - - 0 16	0.5
219	2krr3/1pp1bppp/3pbn2/p7/P2BpP2/2N5/1PP3PP/3R2KR b - - 0 15	0.5
219	2krr3/1pp1bpp1/4bn1p/pN1p4/P2BpP2/1P6/2P3PP/3R2KR b - - 0 17	0.5
219	1k1rr3/1pp2pp1/4bn1p/pN1p4/Pb1BpP2/1P6/2P3PP/3R2KR b - - 4 19	0.5
219	1k6/1p3p2/2p2p1p/p1b4b/r7/6P1/6K1/8 b - - 1 35	0.5
222	4kr2/p2p1p2/3Q4/4Npp1/1p6/4P3/P1P2PPP/R5K1 b - - 1 21	1.0
223	8/pR3pp1/6k1/4P2p/3P3P/4K3/r7/8 b - - 0 34	0.5
224	r2qkb1r/p1pp1ppp/8/4p2n/2P5/3P1P2/PP5P/R1B1KB1R w KQkq - 0 12	0.0
224	r1k4r/p1ppBppp/8/4R3/2P2n2/3P1q2/PP5P/6KR w - - 3 20	0.0
225	r5k1/1p5p/4N3/4pP2/pq2P3/8/P1r1P1PP/K4B1R w - - 2 23	0.0
228	5rk1/6p1/1R2P3/8/p1P5/P2Pn1Pp/P6P/6K1 w - - 5 36	0.5
231	r1b2rk1/ppp2p2/2n1pnp1/6Np/2B2B2/2N4Q/PPP3PP/R4RK1 b - - 0 12	1.0
231	r1b2rk1/ppB2p2/2n1pRp1/6Np/2B5/2N4Q/PPP3PP/R5K1 b - - 0 14	1.0
232	r1b1kb1R/pp1p1p2/2n2n2/2p1p3/8/P1N1PN2/1PPP2P1/R1BQ1K2 b q - 2 13	0.5
233	5rk1/pp3ppp/2n2n2/2pp2N1/8/2N1Q1P1/PPP3B1/2R2RK1 b - - 0 15	1.0
233	5r1k/pp3ppp/2n5/2pN2N1/8/4Q1P1/PPP5/2R2RK1 b - - 0 17	1.0
234	r1b1k1nr/p1Pn1pbp/3P2p1/8/1p3B2/1P3N2/q1P1P1PP/1N1QKB1R w Kkq - 1 11	0.0
234	3R4/p4pbk/6p1/2r5/1pN2n2/1P3P2/q1P3PP/6K1 w - - 2 25	0.0
234	7k/p4p2/6p1/2r5/1p3n2/1P2bPK1/2P3PP/1q6 w - - 0 29	0.0
235	r2qk3/1p2bpp1/5n1r/p1pPpb2/Pn6/2N3PP/1PP1PPB1/2RQK2R w Kq - 0 13	0.5
235	2r5/1p1k1pp1/3P4/pNp1p1b1/P7/4P1P1/1P3P2/3RK3 w - - 1 23	0.5
235	7r/3k1p2/1p1P2p1/pN1R4/P1p1P3/5K2/1b3P2/8 w - - 0 31	0.5
236	rk1qr3/pbp2ppp/1pn1p3/8/1bPP4/2N2N1P/PP1RPPP1/4KB1R w K - 1 15	0.5
236	rk2r3/pbp2ppp/1pnbpq2/8/2PPP3/2NB1N1P/PP1R1PP1/4K2R w K - 3 17	0.5
236	rk1r4/p1p2pp1/1pb5/8/2P5/P3N2P/1q3PP1/3BK1R1 w - - 1 33	0.5
238	r1b1k2r/p1p2p1p/5n2/1p2n3/5K2/2N5/P3PPPR/5B2 b kq - 2 14	0.0
238	r1b1k2r/p1p2p1p/5n2/1N6/5K1R/8/P3PnP1/5B2 b kq - 0 16	0.0
238	r1bk3r/p1p2p1p/8/1N6/6nR/8/P2KPnP1/5B2 b - - 4 18	0.0
238	r2k4/p1p2p1R/8/4rn2/8/2KP4/P5P1/8 b - - 0 26	0.0
238	r7/p1p1kp1R/3n4/4r3/6P1/3P4/P2K4/8 b - - 2 28	0.0
238	r7/p1p2p2/8/4k1P1/3n4/3PK3/P7/8 b - - 2 32	0.0
238	8/p1p2p2/8/4k1r1/3n4/3PK3/P7/8 b - - 1 34	0.0
240	4r1k1/1p2Bppp/8/P7/4N1n1/8/1r3PPb/3R1R1K w - - 0 24	0.5
242	r1b2rk1/pp1p1pp1/2pP3p/8/4N3/1PR1P3/P4PPP/4KB1R b K - 1 17	0.5
242	r1b2r2/p2p2pk/2pP3p/2N2p1B/1pR5/1P2P3/P4PPP/4K2R b K - 1 23	0.5
244	rnb1k1nr/ppp2p1p/3b2p1/6Q1/2B2p1P/4p3/PPP3P1/RNB1K1NR b kq - 1 9	1.0
246	6kr/pp4pp/3B4/3pNr2/8/3P4/1PP2PnP/2KR3R w - - 0 19	0.5
246	6kr/pp4pp/3B4/4Nr2/3p1n2/3P4/1PP2P1P/2KRR3 w - - 0 21	0.5
246	6kr/1p4pp/3B1r2/p3N3/3p1n1P/3P4/1PP2P2/1K1RR3 w - - 2 23	0.5
247	r1b2rk1/ppp2ppp/2n2n2/3p4/8/P2Q1NP1/P1P2P1P/R1B2RK1 b - - 6 12	0.5
247	3r1rk1/ppp2ppp/2n1bn2/3p2N1/8/P2QB1P1/P1P2P1P/R4RK1 b - - 10 14	0.5
247	2rr2k1/ppp2ppp/2n2n2/3b1QN1/P2p1B2/P5PP/2P2P2/4RRK1 b - - 0 20	0.5
247	3r3k/1pB3pp/2n1Qn2/p7/P2p4/P4RPP/2P4K/4R3 b - - 0 28	0.5
247	6rk/1p4pp/2nBQn2/p4R2/P2p4/P5PP/2P4K/4R3 b - - 4 30	0.5
247	8/1p3Qpk/2n2n1p/p4R2/P2p4/P5PP/2P4K/4R3 b - - 2 34	0.5
247	3n4/1pQ3p1/5nkp/R7/P2p4/P5PP/2P4K/4R3 b - - 0 36	0.5
249	4r3/p6p/p4p1k/8/1Q3p2/5P2/PPP4P/1K6 b - - 2 26	0.5
249	4r3/p6p/p4p2/5k1P/1Q3p2/5P2/PPP5/1K6 b - - 0 28	0.5
249	8/p6p/p4pk1/4r3/5p1Q/5P2/PPP5/1K6 b - - 3 32	0.5
249	8/p7/p4pk1/5r1p/2P2p2/5P2/PP3Q2/1K6 b - - 2 34	0.5
250	r1b2rk1/pppp1ppp/5q1n/8/1n6/2NP1N2/P2P2PP/R1BKR3 w - - 7 13	0.0
253	Rn1k2r1/1pp2pp1/7p/2B1pQ2/8/5N2/1P4PP/6KR b - - 0 22	1.0
254	4r1k1/3b1rpp/pqpb4/5n2/5P2/2N1PNP1/PPP2K1P/R1B4R w - - 0 15	0.0
256	1r2kb1r/4pppp/8/8/1pN4P/6Pn/PP3P2/1K1R4 w k - 2 23	0.5
256	4kb2/4pp2/1N4p1/2R5/1p3r2/3r4/PP6/1K6 w - - 0 35	0.5
256	3k1b2/4pp2/1N4p1/8/1p3r2/8/PP6/1K6 w - - 0 37	0.5
257	8/3kb1p1/4p3/7p/2R2P1P/2P2K2/1P2PP2/8 w - - 1 33	0.5
258	r3kbnr/ppp1pppp/2n2q2/8/3P2b1/2N1BN2/PP2PPPP/R2QKB1R w KQkq - 6 7	0.5
258	r3k1nr/ppp1bppp/2nq4/8/3P2b1/4BN2/PP2PPPP/R2QKB1R w KQkq - 0 9	0.5
260	1k3br1/1p2p1pp/1P2p3/1B6/8/5P2/PP3PPP/3R2K1 w - - 0 25	1.0
263	1k5r/4ppbp/p1n1bnp1/8/3P4/5N1P/PP2PPP1/3RKB1R w K - 2 17	0.5
263	8/1k2p1bp/p3p1p1/3n4/3P4/4PP1P/PP2KP2/7R w - - 2 25	0.5
263	8/1k2p2p/4pbp1/p2n4/P2P4/4PP1P/1P2KP2/2R5 w - - 0 27	0.5
264	r2q1r1k/pp3p1p/3p3N/2pQp1p1/4P3/4B3/PPP2PPP/R3KR2 b - - 0 15	0.5
264	5rk1/5p1p/3N4/2p1p1p1/4P3/P3B3/P1P2PPP/4KR2 b - - 0 23	0.5
264	3r4/6kp/5p2/2B1p3/4P1N1/P7/P1P2PPP/4KR2 b - - 0 27	0.5
266	3r4/2kP1pp1/2p5/p1B2n2/P6p/5P1P/1PP1P1KP/3R4 w - - 1 24	0.5
268	3rkbr1/ppQ1ppp1/4b3/3pN2p/1B2nP2/4P3/P5PP/4KB1R b K - 0 14	1.0
269	r4knr/ppp3pp/n7/4Nb2/1b3B1P/8/PK2P1P1/RN1Q1B1R w - - 3 13	1.0
272	r1b5/pp1p1k1p/3Q1p2/4r3/3p4/7P/PP1P4/nNB2K2 b - - 2 19	0.5
272	r1b5/pp1p1k2/3Q1p2/4r2p/3p4/6KP/PPnP4/1NB5 b - - 3 23	0.5
272	r1b5/pp1p1k2/3Q1p2/5r2/3p3p/7P/PPnP4/1NB3K1 b - - 1 25	0.5
272	r1b3k1/pp1p4/3Q1p2/5r2/3p3p/3Pn2P/PP1N4/2B3K1 b - - 2 27	0.5
272	r1b3k1/pp1p4/5Q2/8/3p3p/3Pn1r1/PP1N4/2B4K b - - 3 31	0.5
272	r1bQ4/pp1p2k1/8/8/3pN3/3Pn1rp/PP6/2B4K b - - 3 33	0.5
273	2rqkb1r/ppp1pp1p/2n1b2p/8/3Pn2P/8/PPP1BPP1/R2QK1NR w KQk - 0 9	0.0
273	2rq1rk1/ppp1ppbp/2n1b2p/8/3Pn2P/2P2N2/PP2BPP1/R2QK2R w KQ - 1 11	0.0
273	2r2rk1/ppp1ppb1/2nqb2p/6n1/3P4/2P5/PPQ1BPP1/R4RK1 w - - 2 15	0.0
275	1kr2r2/pp2bpp1/3p3p/P2Bp3/2p1P3/4BP1P/1P3PK1/2R5 b - - 1 22	0.5
275	1k3r2/5pp1/p2p3p/1p1Bp3/4P2P/5P2/1P3PK1/8 b - - 1 28	0.5
275	5r2/2k2pp1/p2p4/1p1Bp2p/1P2P2P/5P2/5P2/5K2 b - - 0 30	0.5
276	r3k2r/pp3p1p/6pb/8/P2qn1b1/1P6/R3PPPP/4KBNR w Kkq - 0 13	0.0
277	r2qkb2/ppp2pp1/2np4/3P4/5p2/5P1P/PP4P1/R1B1KB1R b KQq - 0 12	0.5
277	2kr4/ppp2pp1/8/1B1p4/6qb/3R4/PPKB4/8 b - - 3 28	0.5
279	2rqr1k1/1ppb2pp/2n1pb2/p1P5/3PpP2/P3PN1P/1P3BP1/2RQ1RK1 w - - 0 17	0.5
281	3rkb1r/p3pppp/1p6/2nP4/4n3/4NN2/PP3PPP/R1BQ1K1R w k - 2 12	0.5
283	r2qk2r/pppnnppp/8/4P3/4P3/5N2/P1PN1PPP/R3K2R w KQ - 2 11	0.5
283	r1q1k2r/ppp1nppp/8/2n1P3/2N1P3/5N2/P1P2PPP/2KR3R w - - 6 13	0.5
283	4r1kr/ppp2ppp/2n5/2n1P3/4P2P/2P1NN1q/P3RP2/1K1R4 w - - 5 21	0.5
283	6kr/ppp2ppp/8/4n1q1/4P3/2P1N3/PK1R1P2/8 w - - 2 27	0.5
284	1r1q1rk1/p4ppp/1pp1p3/3pP3/3P1P2/2Q2NPP/bPP2K2/R3R3 b - - 0 19	0.5
284	1r1qr1k1/R4ppp/1pp1p3/3pP3/1QbP1P2/5NPP/1PP2K2/4R3 b - - 2 21	0.5
286	4r3/1pp4k/8/4p1n1/p5P1/8/PPP5/3R1RK1 b - - 1 31	0.5
286	4r2k/1ppR1R2/4n3/4p3/p5P1/8/PPP5/6K1 b - - 5 33	0.5
288	3r2k1/1pp2pNp/5n2/p2p4/3P2P1/2P1rPqP/6B1/2RQ1KNR w - - 0 21	0.5
288	3r2k1/1pp2p1p/5n2/p2p4/3P2P1/2P1qP1P/6B1/2RQ1KNR w - - 0 23	0.5
288	4r1k1/1p3p1p/2p2n2/p2p4/3P2P1/2P1qP1P/4N1B1/2RQK2R w - - 2 25	0.5
288	4r1k1/5p1p/2p2n2/1p1p1P2/3P4/2P2P1P/p3NKB1/3R1R2 w - - 0 31	0.5
289	7R/1pk1p1B1/2pn3p/3b4/8/8/1PP2P1P/6K1 b - - 0 26	0.5
289	8/1pk1p3/2pn3R/8/3B4/8/1Pb2P1P/6K1 b - - 0 28	0.5
289	7R/1p2p3/1kp5/4Bn2/8/8/1Pb2P1P/6K1 b - - 4 30	0.5
289	R7/1p1kp3/8/2p5/2n1b3/1PB5/5P1P/6K1 b - - 0 36	0.5
290	r2k4/p4r1p/4b3/1p1N1p2/1P1P3b/P3B2P/4PP2/5K2 w - - 1 25	0.5
293	1k1r4/pp4pp/3b4/1Bq2P2/P2p1P2/8/1PpB1RPP/4R1K1 w - - 2 23	0.5
294	8/B5pk/8/3Q4/8/8/PPPK1P2/8 w - - 1 31	1.0
295	1k2r3/1p3p2/p6p/3P4/8/P4PK1/4q3/8 w - - 0 28	0.0
295	1k2r3/1p3p2/p2q3p/8/8/P4P2/6K1/8 w - - 0 30	0.0
295	1k4r1/1p3p2/p6p/8/5q2/P6K/8/8 w - - 0 32	0.0
297	r2r2k1/1pp2p1p/8/p2Pn3/8/4B3/PPP2PPP/3RR1K1 w - - 0 17	1.0
297	5k2/1p3p1p/5B2/p2P4/8/8/P1r2PPP/4R1K1 w - - 2 23	1.0
297	5k2/1p3p1p/3P1B2/p7/P7/8/2r2PPP/4R1K1 w - - 1 25	1.0
299	3rk3/2p2ppr/1p3n2/5b2/5q2/3P1P2/P1P1B1PP/1K5R w - - 0 22	0.0
299	3rk3/2p2pp1/1p2bn2/7r/2P2q2/3P1P1P/P3B1P1/1K5R w - - 1 24	0.0
299	3rk3/2p2pp1/1p2bn2/r7/2P5/3P1P1P/P2qB1P1/1K2R3 w - - 5 26	0.0
301	1r4kr/1p4pp/4np2/8/1P6/P2PP3/3K3P/2R5 b - - 2 26	0.5
301	1R3nkr/6pp/5p2/1p6/1P1K3P/3PP3/r7/8 b - - 0 32	0.5
303	4r1k1/p1p2p1p/Pp1r1n2/3p1RN1/4p3/2P1P2P/2PB4/R3K3 b - - 2 22	0.5
303	3r2k1/p1p2p2/P7/1p1p1Rp1/4p3/2P1P2P/2PB2K1/8 b - - 1 28	0.5
303	3r4/p1p2p2/P4k2/1p1p2R1/4p2P/2P1P3/2PB2K1/8 b - - 0 30	0.5
304	1k1r1b1r/ppp1pppp/2n1bn2/8/4P3/2NP1N2/PP1PQ1PP/R1B1K2R w KQ - 7 9	1.0
304	1k1r1b1r/ppp1ppp1/2n2n1p/8/P3P3/1bNP1N2/1P1PQ1PP/R1B2RK1 w - - 1 11	1.0
307	3qkr2/2ppppQ1/6pp/p3R3/8/8/PP3PPP/6K1 b - - 0 21	0.5
307	4kr2/1q3p2/4p1pQ/p2p4/P7/8/5PPP/3R2K1 b - - 0 27	0.5
307	4kr2/2R2p2/q3pQp1/p2p4/P7/8/5PPP/6K1 b - - 12 33	0.5
308	r3kb1r/p1p1pppp/2p5/2B2b2/2B2P2/2N2P2/PP4P1/3R1RK1 b kq - 3 14	0.5
308	2r1k2r/5ppp/2pRp3/p1N2b2/2B2P2/5P2/PP2R1P1/6K1 b k - 2 20	0.5
308	2r1r1k1/3R1ppp/2p1p3/p1N1Rb2/2B2P2/5P2/PP4P1/6K1 b - - 6 22	0.5
308	2r2rk1/3R1ppp/2pNp3/4Rb2/p1B2P2/5P2/PP4P1/6K1 b - - 1 24	0.5
308	6k1/3r1ppp/2p5/5R2/p1B2P2/5P2/PP4PK/8 b - - 2 28	0.5
311	r4rk1/pp1b1ppp/2n5/3Pp1N1/4P2R/8/PP1B1KP1/R4B2 b - - 0 14	0.5
311	r4rk1/p1RP1pp1/1p6/4p3/2B1P1p1/4B3/PP3KP1/8 b - - 3 22	0.5
313	3k1bnr/p1p1pp1p/2B3p1/8/7P/P2b4/1P1B1P2/R3K1NR w K - 4 13	1.0
313	2R5/k4p1p/p3pnp1/1R6/3r1B1P/P7/1P3P2/4K3 w - - 2 27	1.0
313	2R5/k4p1p/p2Bpnp1/1R6/3r3P/P7/1P3P2/4K3 w - - 6 29	1.0
314	8/1pk1B2p/6pb/1B6/8/4P3/1PK3PP/7n w - - 0 23	0.5
314	8/1pk4p/6pb/1B6/3B2n1/4P3/1PK3PP/8 w - - 4 25	0.5
314	8/1pk2n1p/6p1/1B6/1b1BP3/7P/1P2K1P1/8 w - - 1 29	0.5
314	8/1pk4p/6p1/1Bn1P3/8/4K2P/1P4P1/8 w - - 0 33	0.5
314	8/1p1k4/6p1/2n1P2p/2B4P/4K3/1P4P1/8 w - - 0 35	0.5
315	r3kbnr/ppq1pppp/2n5/2P5/6b1/2N1BN2/PPP1PPPP/3RKB1R w Kkq - 8 8	0.5
315	r3kb1r/ppq2ppp/2n2p2/2P5/6b1/2N2N2/PPP1PPPP/3RKB1R w Kkq - 0 10	0.5
315	3r2k1/p4pp1/2p2p1p/P4b2/8/2P1qN2/1P3NPK/5R2 w - - 0 24	0.5
315	3r2k1/p4pp1/P1p2p2/7p/8/2PbqN2/1P3NP1/5RK1 w - - 2 26	0.5
315	6k1/p4pp1/P1p2p2/7p/3q4/8/1P2bNP1/R5K1 w - - 0 30	0.5
316	rn2k2r/p1p1ppbp/5n2/1P3b2/3P1p2/2N2N2/PP4PP/R1BQ1RK1 b kq - 0 10	0.5
316	r3k2r/p1p1pp1p/5n2/1P2nR2/3P4/2N5/PP4PP/R2Q2K1 b kq - 0 14	0.5
316	r4r1k/p4pnp/5Q2/1P6/3P4/2N5/PP4PP/4R1K1 b - - 2 20	0.5
316	7k/p5rp/5Q2/1P1N4/3P4/8/PP4PP/6K1 b - - 4 26	0.5
316	3k4/p7/8/1P5N/3P2Q1/8/PP4PP/6K1 b - - 0 32	0.5
317	6k1/3b1pp1/ppq4n/8/1K3b2/3r4/PP6/R7 b - - 1 30	0.0
319	r1b2rk1/ppp2p1p/2nbpnq1/8/3P4/2N1PN1P/PPP2PP1/2RQR1K1 w - - 0 12	0.0
319	r1b2rk1/ppp2p1p/2nbpn2/8/3P1P2/2N1P1qP/PPP3P1/2RQR1K1 w - - 1 14	0.0
320	r3k1nr/p1p2p1p/1pn3p1/6q1/8/1QN2P2/P1P2P1P/R3KB1R b KQkq - 0 12	0.0
321	8/ppp2kp1/4p3/7p/PP2K2n/5p2/5b2/8 b - - 0 30	0.5
321	8/ppp2kp1/4p3/P6p/1P6/2K3b1/4q3/8 b - - 3 36	0.5
322	8/7k/8/p3N3/6Q1/2N5/PPK2PPP/R6R w - - 1 28	1.0
325	4r3/kp2npQp/2p1p3/5b2/2P5/5B2/PP3PPP/4R1K1 b - - 0 22	1.0
325	4r3/kp3p1p/2p1p1b1/2P1Qn2/8/5B2/PP3PPP/4R1K1 b - - 0 24	1.0
325	8/k4p2/3Qp1b1/3p3p/8/8/PP3PPP/4R1K1 b - - 1 30	1.0
326	r1bk1b1r/p1p2ppp/1pp2n2/8/2P3P1/8/PP2PP1P/RNB1K1NR w KQ - 0 8	0.5
326	r1bkr3/p1p2ppp/1ppb1n2/8/2P3P1/5N1P/PP2PP2/RNB1K2R w KQ - 3 10	0.5
326	r1k1r3/p1p2ppp/1ppbbn2/8/2P3P1/1PN2N1P/P3PP2/R1B1K2R w KQ - 1 12	0.5
326	8/1kp2p2/1pp2P2/p6p/P7/2N4b/4PK2/3R4 w - - 2 32	0.5
329	6k1/np3p2/7p/3N1b2/2P5/5P2/1P1PK1P1/2B5 w - - 0 24	0.5
329	6k1/1p3p2/2n4B/5N1p/2PP4/5P2/1P2K1P1/8 w - - 2 28	0.5
329	6k1/1p3p2/7B/2PP1N1p/2n5/5P2/1P2K1P1/8 w - - 1 30	0.5
329	6k1/1p1n1pB1/3P4/2P2N1p/8/5P2/1P2K1P1/8 w - - 3 32	0.5
330	r1b1k2r/ppp1bp2/2n2n1p/6p1/8/2NPBN2/PPP2PPP/2KR1B1R b kq - 5 10	0.0
330	3r2k1/2p2p2/5R2/ppb5/8/1K1b3P/1P4P1/4r3 b - - 1 30	0.0
331	2k5/1pp1n1p1/5N2/p7/7r/7n/PP1RP2K/8 w - - 1 30	0.5
335	rn2k2r/1bp4p/7p/p7/4P3/2P5/P1P2PPP/R3KB1R w KQkq - 0 13	0.5
335	rn5r/1bp3kp/7p/p7/2B1P3/2P5/P1P2PPP/R3K2R w KQ - 4 15	0.5
335	r7/2pn2kp/7p/p2P4/8/2P5/P1P1rPPP/R1K4R w - - 5 19	0.5
335	r7/2pn3p/6kp/p2P4/8/2P5/P1P2rPP/R1K1R3 w - - 2 21	0.5
335	2r5/2p5/7R/3P3P/6k1/p1P5/r1PK4/8 w - - 0 29	0.5
335	3r4/7R/2p5/3P3P/2P3k1/p7/r1PK4/8 w - - 0 31	0.5
336	2rr2k1/1ppbn1pp/p1n1pp2/8/2B1P3/P1P1BN1P/5PP1/RN2K2R b - - 4 15	0.5
342	3r1k1r/5pp1/3bpn1p/8/Q7/P3PP2/1PPP1P1P/1RB1K2R w K - 3 16	0.5
342	3r2kr/5pp1/3bp2p/3n4/Q2P4/P3PP2/1PP2P1P/1RB2RK1 w - - 1 18	0.5
342	2r3kr/5pp1/3bpn1p/8/Q1PP4/P3PP2/1P1B1P1P/1R3RK1 w - - 1 20	0.5
342	2r3kr/5pp1/2Pbpn1p/8/Q2P4/P3PP2/1P1B1P1P/1R3RK1 w - - 1 22	0.5
342	2r3kr/5pp1/2P1p2p/3n4/QP1P4/4PP2/1P3P1P/1R3RK1 w - - 1 24	0.5
345	r5k1/ppp2r2/3bb1p1/8/3n2p1/2N5/PPPB1PPP/R4RK1 w - - 0 16	0.0
345	4r1k1/ppb2r2/6p1/8/6p1/2N5/PPn2PPP/5RK1 w - - 0 22	0.0
350	1rr3k1/p4ppp/2n5/3p3R/P4pP1/8/3KPPP1/5B2 b - - 5 29	0.5
352	rn2k2r/p4pp1/2p5/2b1pB2/5q1p/2NQ4/PPP2PPP/R4RK1 w kq - 2 18	0.5
353	r4k1r/pp3ppp/2nP3n/3Q1b1R/2P5/5P2/PP2P1P1/R3KBN1 b Q - 0 14	1.0
353	r4k1r/pp1P2pp/2n2p1n/7R/8/4QP2/PP2B1P1/R3K1N1 b Q - 1 18	1.0
353	3r1kr1/pp4pp/2n2p1n/7R/2B5/4QP2/PP4P1/R3K1N1 b Q - 1 20	1.0
353	3r1k1r/pp3npp/2n2p2/7R/2B2N2/4QP2/PP4P1/R3K3 b Q - 5 22	1.0
355	rnbq1rk1/ppp1bppp/5n2/3pQ3/8/2N1BN2/PPP1PPPP/R3KB1R b KQ - 1 7	0.0
358	r3k2r/ppp2ppp/2nq4/3p1p2/3P4/2P2N2/P1P2PPP/R2Q1RK1 w kq - 0 11	0.5
359	3bk1nr/ppp3pp/2n1b3/2q1Pp2/5B2/P1N2N2/1P2PPPP/R3KB1R w KQk - 0 11	0.5
359	4k1nr/npp1b1pp/8/4Pp2/2q5/PbNR1N2/1P2PPPP/4KB1R w Kk - 0 15	0.5
359	4k1nr/npp1b1pp/7q/4Pp2/8/PbNRPN1P/1P3PP1/4KB1R w Kk - 1 17	0.5
359	4k1nr/1pp1b1pp/2n4q/3RPp2/8/P3PN1P/1P3PP1/4KB1R w Kk - 1 19	0.5
359	5k1r/1pp1n1p1/2n3qp/4Pp2/2B5/P3PN1P/1P3PP1/5RK1 w - - 0 23	0.5
359	7r/1pp1n1pk/2n1P1qp/5p2/2B5/P3PN1P/1P3PP1/3R2K1 w - - 3 25	0.5
361	r1b2rk1/pp1pb1pp/2n2n2/2p1pPB1/8/1PNP1N2/P1P1BPPP/R2Q1RK1 b - - 8 9	1.0
364	r7/1pp2kpp/5p2/5P2/PpqPrp2/5N1P/2P1N1P1/R3KR2 w - - 0 21	0.0
366	5r1k/pp3ppp/6n1/3p3Q/8/P2BB3/5PPP/2R3K1 b - - 0 22	0.5
366	3r3k/1p3ppp/6n1/2B4Q/3p4/P2B4/5PPP/2R3K1 b - - 1 24	0.5
366	8/1pr2ppk/6np/5Q2/3B4/P2B4/5PPP/4R1K1 b - - 0 28	0.5
366	4R3/5ppk/1pr3np/7Q/3B4/P2B4/5PPP/6K1 b - - 3 30	0.5
367	6k1/pp3ppp/8/8/4r3/1P6/P1P3P1/1K1Rb3 b - - 1 27	0.5
367	6k1/pp3ppp/5b2/8/4r3/1P6/P1P3P1/1K1R4 b - - 5 29	0.5
368	3r1rk1/pppb1ppp/4p3/4Pn2/4BB2/2P5/P1P2PPP/3RKR2 b - - 0 15	0.5
368	4r1k1/1pp2pp1/4p2p/1p2Pn2/5B2/2P4P/P1P2PP1/3K1R2 b - - 1 21	0.5
371	r2k1b2/p3ppp1/1p2b3/8/8/4PP2/PP1BB2Q/4K1N1 w - - 1 19	1.0
371	1k6/4Q3/1p6/8/p2N4/4PP2/PP1B4/4K3 w - - 1 31	1.0
373	r1bqkb1r/pp3ppp/2n2n2/3pp3/8/2NQ1N2/PPP1PPPP/R1B1KB1R b KQkq - 1 7	0.5
373	6k1/pp3ppp/8/7P/4r3/1b5P/1Pn5/2R3K1 b - - 0 27	0.5
375	6nr/ppB1pk1p/5ppb/8/PPN1P3/3B1P2/5P1P/3K3R b - - 2 16	0.5
375	6nr/ppB1pk1p/5ppb/8/PPN1P2P/3B1P2/4KP2/7R b - - 2 18	0.5
375	1B4nr/4pk1p/1p3ppb/pP6/P1N1P2P/3B1P2/4KP2/7R b - - 0 20	0.5
375	7r/4nk1p/1B3ppb/pP2p3/P1N1P2P/3B1P2/4KP2/7R b - - 0 22	0.5
375	7r/4n1kp/3N1pp1/BP2p3/P3Pb1P/3B1P2/4KP2/7R b - - 0 24	0.5
375	4r3/1P2n1k1/3N1p1p/B3p2R/P3Pb2/3B1P2/4KP2/8 b - - 2 30	0.5
375	5r2/1P2n2k/3N1p1p/4p2R/P1B1Pb2/2B2P2/4KP2/8 b - - 6 32	0.5
376	R7/1p5p/1k6/p1p2N2/P1P5/6P1/1P3PK1/3r4 b - - 0 30	0.5
378	2r3k1/p4ppp/2p5/1p6/6N1/2RP3P/PP4P1/4K3 b - - 0 25	0.5
378	8/p4ppk/8/1pR4p/3r4/4N2P/PP2K1P1/8 b - - 5 31	0.5
379	r1bqkb1r/ppp1n1pp/2np4/5pB1/2Q5/P1N4N/1PP1PPPP/2KR1B1R b - - 3 9	1.0
379	r2qkb1r/pppbn1pp/3p4/4npB1/8/PQN4N/1PP1PPPP/1K1R1B1R b - - 7 11	1.0
379	r2qkbr1/ppp1n1pp/3pQ3/3NnpB1/8/P1N5/1PP1PPBP/1K1R3R b - - 2 15	1.0
379	r2q4/pppkb1Qp/3p4/4npB1/8/P1N5/1PP1PPBP/1K1RR3 b - - 0 19	1.0
380	5rk1/1p3qp1/p2n1p1p/3p4/5P2/P4N1P/1P1Q2P1/3R2K1 b - - 1 27	0.5
381	4r3/6pp/2pb1k2/8/8/4PqP1/P1Pr1P1P/5RK1 w - - 0 24	0.0
381	4r3/6pp/2pb2k1/8/2P5/4PqPP/r4P2/5RK1 w - - 1 26	0.0
382	3r2k1/p4ppp/2p1p3/2b5/2N1P3/2P3P1/PP5P/2R4K w - - 1 23	0.5
382	6k1/5p2/1pp1p3/4P1pp/1P6/2P1r1PK/P1R4P/8 w - - 2 29	0.5
382	8/5pk1/1pp1p3/4P2p/1P4pP/2P1r1P1/P1R3K1/8 w - - 0 31	0.5
383	3qr1k1/pp3p2/6p1/1P1nb3/7P/P4P2/2rPN1P1/3R1RK1 w - - 1 19	0.0
383	3qr1k1/pp3p2/6p1/1P6/3b1n1P/P4P2/2rP2P1/3R1R1K w - - 0 21	0.0
384	r6r/p1p1pk1p/1pn2n2/8/8/2P2N2/P1b2PPP/4RRK1 b - - 1 13	0.5
384	3r4/2R3Rp/1p3n2/p2k1r2/P7/2P5/7P/6K1 b - - 0 27	0.5
384	8/4R2p/1p3n2/p4r2/P2P4/8/3k3P/6K1 b - - 0 31	0.5
386	4r1k1/pp3pp1/7p/2q5/P7/2N2bP1/1PP1PP2/3RK3 w - - 2 25	0.0
386	4r1k1/5pp1/1p5p/p7/P2R4/2N1PbP1/1PPK1P2/7q w - - 0 31	0.0
387	r1b1k3/pppp2p1/n7/3P1p2/2Q5/2P1b3/PP2P1B1/RK6 b q - 2 22	1.0
387	r1b4Q/ppp2kp1/3p4/2nP1p2/5b2/2P5/PP2P1B1/RK6 b - - 5 26	1.0
390	1k6/ppp4p/8/2q5/P3N3/8/1Pn3PP/7K b - - 1 24	0.0
393	4r3/p7/1p5k/7p/4n3/1P1R4/P5P1/5RK1 w - - 2 30	0.5
393	4n3/8/1p4k1/8/7R/1P6/P5P1/6K1 w - - 0 36	0.5
394	4r1k1/1p3ppp/2n5/2B2b2/1P2B3/5N2/r1P2PPP/3RK2R w - - 1 18	0.5
394	4r1k1/1p3ppp/8/8/1P6/4B3/5PbP/3K3R w - - 0 24	0.5
397	r1b2rk1/pp3ppp/4p3/3p2P1/4NPnB/4p3/PP5P/n2K1B1R w - - 0 17	0.5
397	2rr2k1/pp3ppp/8/4P1P1/4p2B/8/PPn1p2P/1K5R w - - 0 23	0.5
397	2r3k1/pp3ppp/8/4P1P1/P6B/K3p3/1P2p2P/2r5 w - - 0 27	0.5
397	6k1/pp3ppp/8/P3P1P1/8/1K2p3/1P5r/4r3 w - - 0 31	0.5
397	6k1/p5pp/p3p3/6P1/8/1K6/1P2p2r/2r5 w - - 0 35	0.5
398	6k1/1pp2pp1/1p1p4/3P2p1/7r/2Pn2K1/PP1N1P2/1R3R2 w - - 0 31	0.5
400	1k1r3r/ppp2p1p/6p1/2N1pn2/2Bn4/P6Q/1P4PP/1K1R1R2 b - - 0 22	0.5
401	3rr1k1/pp3bpp/8/8/P3P3/2pP2P1/2q2P1P/3R1RK1 w - - 2 31	0.5
402	2b1kbr1/1pp1n2p/2n3p1/1B3p2/3B4/8/PPP2PPP/RN3RK1 b - - 6 12	0.5
402	2bk4/1pp3rp/2n3p1/5p2/8/2N5/PPP2PPP/R3R1K1 b - - 1 16	0.5
402	2k5/1pp4p/6p1/P2R1p2/7P/8/1Pn2PP1/6K1 b - - 0 24	0.5
402	2k5/1pp5/6p1/P4p1p/1n1R3P/8/1P3PPK/8 b - - 3 26	0.5
402	8/1pp5/3k2p1/P3np1p/1R5P/1P4K1/5PP1/8 b - - 2 30	0.5
402	3R4/1pp5/6p1/P1k1np1p/7P/1P4K1/5PP1/8 b - - 6 32	0.5
402	8/1p4R1/6p1/n4p1p/7P/1k4K1/5PP1/8 b - - 1 36	0.5
403	N5nr/p4kpp/5p2/2p5/7P/3P3b/PP2PP2/R3KB1q w Q - 1 18	0.0
403	6nr/p1N2kpp/5p2/2p5/7P/3P4/PP2bq2/2KR4 w - - 0 22	0.0
404	2r1kr2/p5pp/4B3/2q1p1B1/4P3/3R3N/PPn1K1PP/8 b - - 4 25	0.5
407	2rqkb1r/pp3ppp/2n2n2/3ppN2/P7/2NBPP2/1PP2P1P/R1B2RK1 b k - 3 12	0.5
410	3rr1k1/1p2qpb1/p1p3p1/P1P3P1/3Pp3/3nP1Q1/1P3P1P/R4RK1 w - - 2 26	0.5
410	3rr1k1/1p2qpb1/p1p3p1/P1P3P1/3Pp3/3nP1Q1/5P1P/4RRK1 w - - 2 28	0.5
411	1kr5/pp3prp/4b3/7p/4P1n1/3BP3/PP4PP/1K1R3R w - - 0 20	0.5
411	1kr5/pp3prp/4b3/7p/4P1n1/3BP3/PP1R2P1/1K2R3 w - - 2 22	0.5
411	1kr5/pp3p1p/4b3/1B2n2p/4P3/1P2P1r1/P2R2P1/1K2R3 w - - 3 24	0.5
411	1kr5/pp3p1p/3R4/1B2n3/4P3/1P2P2b/P5r1/1K2R3 w - - 2 28	0.5
414	3r2k1/2Q1brp1/p6p/1p3n2/4N3/5N2/PPP2PPP/5RK1 b - - 0 23	0.5
415	rn2kb1r/pp2pppp/8/2P5/1P2qPb1/8/P1P3PP/RNB2KNR w kq - 2 10	0.0
415	rn2kb1r/pp2pppp/8/2P5/1q3P2/5P2/P1P4P/RNB2K1R w kq - 0 12	0.0
415	3rkb1r/pp2pppp/2n5/2P5/1q3P2/4BP2/P1P3KP/RN5R w k - 4 14	0.0
415	3rkb1r/pp2pppp/8/2P5/3q1P2/5P2/P1P3KP/RN3R2 w k - 0 16	0.0
415	4kb1r/pp2pppp/8/2P5/5q2/N4P2/P1Pr3P/R4R1K w k - 2 18	0.0
416	r4rk1/pbp2ppp/1pn1p3/3p2N1/5N2/3PK1P1/PPP1P1B1/2R4Q b - - 0 19	0.5
416	3r1rk1/pbp2pp1/1pn1p2p/3p3Q/5N2/3PKNP1/PPP1P1B1/2R5 b - - 3 21	0.5
418	r1b2rk1/pp1p1p1p/2n2p2/8/8/P3P1N1/P1P3PP/R3KB1R w KQ - 0 12	0.5
419	4k2r/p2n1ppp/8/4p1q1/1P2P3/5P2/PP2B1PP/R3K2R w KQk - 0 18	0.5
419	5rk1/p2n1ppp/8/4p3/1P2P3/4qP2/PP2BRPP/R5K1 w - - 4 20	0.5
420	1k6/1pprb3/7Q/pN1n4/2p5/7P/PP3PK1/4R3 b - - 1 31	0.5
420	1k4r1/1pp1b3/7Q/p2n4/2pN4/7P/PP3P2/4RK2 b - - 5 33	0.5
430	r2k1bnr/p3pppp/1p6/1Q6/5B2/P1N5/1PP2P1P/R3K1Nb b Q - 3 15	1.0
431	3rkb2/6p1/Npp1p1P1/8/3p2n1/8/PPP2P2/2R2RK1 w - - 0 25	0.5
432	4r1kr/5ppp/3P1n2/8/p1P5/4B2P/P4PKP/4R3 w - - 0 26	0.5
434	r1b2r1k/ppp1nB2/1n5p/2b1P3/4K3/7N/P1P3PP/RN1Q1R2 w - - 0 15	0.5
434	4r2k/1R6/p3P2p/3n4/8/7K/P5PP/nN6 w - - 0 25	0.5
434	4r2k/1R6/p3n2p/8/6K1/8/P2N2PP/n7 w - - 0 27	0.5
434	1R6/4r2k/p2Nn2p/7K/8/6P1/P6P/n7 w - - 9 33	0.5
436	3rr1k1/2p2qp1/2p1pn1p/p1PpR3/P2P4/1Q1b1PN1/1P1N2PP/2R3K1 b - - 3 21	0.5
437	8/5r2/3kN1pp/p7/2BB4/3P4/PP3P1P/R4RK1 w - - 0 25	1.0
437	8/3k4/4N1pp/p7/2BB4/3P1r2/PP3P1P/2R1R1K1 w - - 4 27	1.0
437	8/8/4N1pp/pBBk4/8/3P1r2/PP3P1P/2R1R1K1 w - - 8 29	1.0
438	3r1rk1/pp3pp1/2n3p1/3N2P1/4PB2/7R/PPP2PP1/2KR1B2 w - - 0 16	0.5
438	3rr1k1/1p3pp1/2n3p1/p2N2P1/2B1PB2/4R3/PPP2PP1/2KR4 w - - 0 18	0.5
438	3r2k1/1p3pp1/2n1r1p1/3N2P1/p1B1PB2/8/PPP2PP1/1K1RR3 w - - 2 20	0.5
438	6k1/3R4/2n3p1/1p4B1/p3P3/8/PPP2PP1/1K6 w - - 0 26	0.5
438	8/5k2/2n2BR1/1p6/p3P3/P7/1PP2PP1/1K6 w - - 1 30	0.5
438	2k5/7R/8/1p6/p2nPB2/P7/1PP2PP1/1K6 w - - 9 34	0.5
438	2k5/4R3/8/1p2B1n1/p3P3/P7/1PP2PP1/1K6 w - - 13 36	0.5
439	4r1kr/p1p2bpp/2n5/2Np4/8/1P3B1P/P1PP1PP1/Q4RK1 b - - 2 18	0.5
439	4r1kr/2p2bp1/7p/p1Np1Q2/3P4/1P5P/P1P2PP1/5RK1 b - - 1 22	0.5
441	r2q3r/ppp1kp1p/3p1p1b/8/1n1pP3/6R1/P1PNB2P/R2QK3 w Q - 2 14	0.0
442	N2q1b1r/pp2pkpp/6p1/3p1b2/1n1PnB2/8/PPP2PPP/R2QKB1R w KQ - 0 11	0.5
442	6kr/pp2b1pp/4b1pq/1B1p4/1n1Pn2P/6B1/PPP2PP1/R2Q1RK1 w - - 1 17	0.5
444	rn3rk1/ppp1ppbp/5np1/3P1b2/2B5/2N2N2/PP1P1PPP/R1BQK2R w KQ - 7 8	1.0
444	3r1rk1/pppnppbp/5np1/3P1b2/2BP4/2N2N2/PP3PPP/R1BQ1RK1 w - - 1 10	1.0
445	1B4k1/5rpp/4B3/2P5/p2p4/5bP1/PP3P2/1R4K1 b - - 2 32	0.5
448	r1b5/ppp1B1p1/4p1k1/8/4q3/8/PPn3r1/1K3R2 b - - 3 29	0.5
449	r1b1kb1r/p1p2ppp/p4n2/8/8/2N3P1/PPP1NP1P/R1K5 b kq - 3 12	0.5
449	r1b1k2r/p1p2ppp/p4n2/8/8/2N1bPP1/PPP1N2P/RK6 b kq - 2 14	0.5
449	r1b2rk1/p1p2ppp/p7/8/4P3/4b1P1/PPP1N2P/RK6 b - - 0 16	0.5
450	1k2r3/1p3pbp/7p/P1r1P3/3p1P2/8/1PPN2PP/1K2RR2 w - - 3 29	0.5
450	1k2r3/1p3pbp/7p/r3P3/5P2/3P1N2/1P4PP/1K2RR2 w - - 0 31	0.5
450	1k6/1p3pbp/7p/r3P3/3N1P2/3P4/1P4PP/1KR5 w - - 2 35	0.5
451	rn2kbnr/ppp1pppp/4b1q1/8/3P4/2N2P2/PPP3PP/R1BQKB1R w KQkq - 1 8	0.5
451	r3kb1r/pp1n1ppp/2p1bpq1/8/3P1B2/2P2P2/PP4PP/R2QKB1R w KQkq - 1 12	0.5
451	1k1r1b1r/pp1n1ppp/2p1bpq1/8/3P4/2P2P1P/PP4P1/R2QKB1R w KQ - 0 14	0.5
452	7Q/1pk5/p1n1b3/P2R4/4P3/5N2/1P3PPP/5RK1 w - - 3 27	1.0
454	6k1/1pp2rp1/7p/p3P3/8/2N1P3/PP4PP/3R2K1 b - - 0 20	0.5
456	5rk1/p4ppp/2p5/3pn3/5P2/2P1P3/P1P2P1P/2R2RK1 b - - 0 19	0.5
456	5rk1/2R2ppp/2p5/p2p4/5P2/2P1P3/P1P2P1P/5K2 b - - 1 23	0.5
456	1r4k1/5ppp/2R5/5P2/2p5/p3P3/P1P1KP1P/8 b - - 0 27	0.5
456	r5k1/2R2ppp/8/5P2/8/p3P3/P1P1KP1P/8 b - - 2 29	0.5
457	3rkb1r/p1p1pppp/2p2n2/2q5/5P2/2NP1P2/PPP4P/R1B1KB1R w KQk - 1 10	0.5
457	3rk2r/p1p2ppp/2pbpn2/2q5/5P2/2NP1P2/PPP3BP/R1B1KR2 w Qk - 2 12	0.5
457	3r1rk1/p1p2ppp/2pbpn2/5q2/5P2/2NP1P2/PPPB2BP/2KR1R2 w - - 6 14	0.5
457	3r1rk1/p1p2ppp/2p1pnq1/2b5/5P2/3P1PN1/PPPB2BP/2KR1R2 w - - 10 16	0.5
457	3rr1k1/p1p2ppp/2p1pnq1/8/1B1b1P2/3P1PN1/PPP3BP/1K1R1R2 w - - 14 18	0.5
457	6k1/p1p2ppp/2p1r1q1/3n4/3b1P2/3P1PN1/PrPB2BP/2KR4 w - - 0 22	0.5
457	6k1/p1p2ppp/2p5/3n1P2/3b4/3P1PP1/PrPBr1B1/2KR4 w - - 1 24	0.5
457	6k1/p1p2ppp/2p5/3n1P2/3b4/3P1PP1/r1P3B1/2K1B3 w - - 0 26	0.5
457	6k1/2p2ppp/2p5/p2n1P2/8/2bP1PP1/2P2KB1/4r3 w - - 0 30	0.5
457	6k1/2p2ppp/8/3p1P2/p4P2/2bP2P1/2P2K2/4r3 w - - 0 32	0.5
457	6k1/2p2pPp/8/3p4/5P2/2bP2P1/p1P2K2/4r3 w - - 0 34	0.5
459	r1b1kbnr/ppp1pppp/8/2nP4/8/5P2/PP1P2PP/R1BQKBNR b KQkq - 0 7	0.5
459	1k3r2/p1pP1ppp/1p3b2/4p3/2P5/4QP2/P3N1PP/1R4K1 b - - 0 23	0.5
460	r2q2k1/ppp3p1/3b4/3n1b2/3n4/3P4/PPP1BPPr/1K1R2R1 w - - 0 16	0.0
460	r5k1/pp4p1/3b4/3p1b2/3n4/3P4/PPPq1PPr/1K2RR2 w - - 0 20	0.0
460	r5k1/pp4p1/3b4/3p1b2/3n4/3P4/PP3q1r/K3R3 w - - 0 24	0.0
461	r2q1b1r/ppp5/2n2nk1/6pp/1PB5/2P1PP2/P4P1P/RNB1K2R w KQ - 1 12	0.0
461	r7/ppp5/3b3k/6pp/1P2q1n1/2P1B3/P3KP1P/RN3R2 w - - 2 20	0.0
461	8/rpp5/3b3k/6pp/1P4n1/2P5/P2NKPqP/R4R2 w - - 0 22	0.0
462	8/p4pbk/6p1/8/3P2p1/1P6/PBr2PP1/R3K3 w - - 1 28	0.5
462	8/p4p1k/5bp1/8/3P2p1/1P6/PB1r1PP1/1R3K2 w - - 5 30	0.5
462	8/p4p1k/5bp1/8/1PrP2p1/8/PB3PP1/1R2K3 w - - 1 32	0.5
465	r3kb1r/ppp3pp/2n1pp1n/5b2/2B1pP2/2N1B3/PPP3PP/R2QK1NR b KQkq - 1 9	0.5
465	3rkb1r/ppp3pp/2n1pp1n/8/2B1pPb1/2N1B3/PPP2QPP/R3K1NR b KQk - 5 11	0.5
465	3rk2r/ppp3pp/2n1pp1n/8/2B1pPb1/2P1B3/P1P2QPP/R4KNR b k - 0 13	0.5
467	6k1/pp1P1pp1/7p/2pn4/2p2p2/P7/1PP2PPP/4B1K1 b - - 0 22	0.5
467	2Q5/pp3ppk/5n1p/2p5/2p2p2/P7/1PP2PPP/4B1K1 b - - 2 24	0.5
467	6k1/pp3pp1/5n1p/2p5/2p5/P4Q2/1PP2PPP/4B1K1 b - - 0 26	0.5
467	Q3n1k1/p4pp1/1p5p/2p5/2p5/P1B5/1PP2PPP/6K1 b - - 3 28	0.5
467	4n1k1/5pp1/1Q5p/2p5/2p5/P1B5/1PP2PPP/6K1 b - - 0 30	0.5
469	1k3b1r/p1p1pBpp/1p6/8/N4P2/8/PP1n2PP/3RR1K1 b - - 1 15	0.0
469	k2r4/p1R3pp/8/1R2N3/5p2/4b2P/PP4P1/7K b - - 0 27	0.0
469	k7/p1R3pp/8/1R2N3/5p2/7P/PP4P1/3r2bK b - - 4 29	0.0
470	3r2k1/pp3ppp/8/8/1P6/2P2n1q/P4P2/1RK5 b - - 0 21	0.0
472	4r1k1/1p4pp/8/5Pp1/p1P1p3/P1P1N3/1P5P/7K b - - 1 32	0.5
474	r3k1nr/ppp2ppp/2n5/3qPb2/8/2P5/P1P1PPPP/R1B1KBNR w kq - 0 8	0.0
474	r3k2r/ppp2ppp/5n2/3qnb2/8/2P5/P1PBPPPP/2R1KBNR w kq - 2 10	0.0
476	rn3rk1/pp2nppp/8/3pP3/K5b1/7N/P1P1P1PP/q1B2B1R w - - 0 17	0.5
476	rnr3k1/pp1b1ppp/8/3KPn2/8/7N/P1P1P1PP/2q2B1R w - - 0 21	0.5
476	r5k1/p2bnppp/2n5/4P3/2p1P3/2P4N/P2K2PP/8 w - - 1 29	0.5
476	6k1/p3rppp/2b5/4n3/2p1P3/2P4P/P2K2P1/8 w - - 1 33	0.5
479	4k2r/rpp2ppp/5n2/4q3/P3P3/2NP4/1P3KPP/R4B1R w k - 0 15	0.5
479	5rk1/rpp2ppp/8/3P4/P7/3P4/4BKPP/R7 w - - 1 19	0.5
479	6k1/r4p1p/1p1P2p1/8/P7/4KB2/2R3PP/8 w - - 0 27	0.5
479	2R5/5pkp/1pBP2p1/r7/P7/4K3/6PP/8 w - - 4 29	0.5
479	2RQ4/5p1p/2B3p1/1P2r2k/8/8/3K2PP/8 w - - 1 33	0.5
480	r1b1k2r/ppppbppp/5nn1/8/3P4/2N1B2R/PPP1PPP1/R2QKB2 b Qkq - 4 9	0.5
485	5b1r/4p1pp/3k4/3Pp3/8/2p1n3/3RB1PP/4K2R w K - 0 28	0.5
487	5k2/1pp3pp/5n2/4n3/1p2p3/4P3/PPP2PqP/1K1R4 w - - 0 18	0.0
487	3R4/1pp2kpp/5n2/8/1p2p3/1P2Pn1P/PKP2P2/4q3 w - - 1 22	0.0
487	8/1pp2kpp/5n2/P7/1p2p3/1P2P2P/2P2q2/1K6 w - - 0 26	0.0
487	8/1pp2kpp/8/P6P/1p2p3/1P2n3/2P2q2/1K6 w - - 0 28	0.0
489	2kr3r/p1p1bpp1/2p4p/7P/8/2N4q/PPPPKP2/R1B5 w - - 1 15	0.0
489	3rr3/k1p1bpp1/2p4p/7P/8/2NP1Pq1/PPP1K3/R7 w - - 0 19	0.0
490	r4rk1/ppp2p1p/2n4b/5np1/2B1Qp2/2N2N2/PP3PPP/1K1RR3 b - - 0 14	1.0
490	3r1rk1/ppp2p1p/2nn3b/3Q2p1/5p2/2NB1N2/PP3PPP/1K1RR3 b - - 4 16	1.0
492	8/ppB2p1k/8/1r6/3b4/4p3/P4NPP/4K2R w - - 0 30	0.5
494	3rk3/5rp1/2pq1pQp/p3p3/P2pP3/3P1N2/1P4PP/4R1K1 b - - 2 28	0.5
494	3rk3/5rp1/2pq1pQp/p3p3/P2pP3/3P1N2/1P4PP/4R1K1 b - - 10 32	0.5
496	8/R7/6pk/p7/1p5p/5P2/PPP2P2/5RK1 b - - 1 33	0.5
496	8/R7/6pk/p7/8/1P3P1p/1PP2P1K/5R2 b - - 0 35	0.5
498	3r2k1/3n1ppp/8/2b5/2p1P2P/5P2/PP1QN1P1/R3K2R b - - 1 22	0.5
502	2krr3/1pp3pn/p1nbb3/8/3P4/2N1BN2/PP3PPP/R4RK1 w - - 0 15	0.5
502	2k5/1pp3p1/p7/8/1n6/4PN2/PP4PK/8 w - - 1 23	0.5
502	8/1ppk2p1/p7/8/P7/1P1nPN2/6PK/8 w - - 1 25	0.5
502	8/3k2p1/p7/Ppp5/8/1P1nPNK1/6P1/8 w - - 0 27	0.5
502	8/6p1/p1k5/n4K2/1pp1N3/4P3/6P1/8 w - - 0 33	0.5
502	8/6K1/p1k5/n7/2p1N3/4P3/1p4P1/8 w - - 0 35	0.5
502	8/6K1/p1k5/2n5/2p3P1/2N1P3/1p6/8 w - - 1 37	0.5
503	5k2/p4pp1/1pn4p/5P2/2P1N3/8/P4PPP/R3KB1R w KQ - 0 19	1.0
503	8/p4p2/1pn2k1p/8/2P5/8/P3BPPP/2KR3R w - - 0 23	1.0
503	6k1/5R2/1p5p/p6B/2P5/8/P4PPP/2KR4 w - - 3 29	1.0
505	4R3/p5kp/2p5/1p6/3r4/7P/PPP3K1/8 w - - 0 29	0.5
505	8/7R/2p2k2/pp6/7P/5K2/PPr5/8 w - - 0 33	0.5
506	8/pp3k1p/3q4/4nN2/P3R3/2N5/1PP2PPP/6K1 b - - 3 24	0.5
507	1n2kb1r/p1p3pp/b3p3/2P2pB1/3Pq3/P7/1P2PPPP/3RKB1R w Kk - 0 16	0.5
507	4k2r/p1p4p/n3pp2/2P2p2/3P4/P3P1P1/1Pq2P1P/3RK2R w Kk - 0 22	0.5
507	5rk1/p1p4p/n3pp2/2P2p2/1P1Pq3/P3P1P1/5P1P/3R1RK1 w - - 3 24	0.5
507	1n1r4/2p3kp/2P1pp2/1P3p2/3P4/4PqP1/5P1P/2R1R1K1 w - - 3 30	0.5
507	1n6/2p2k2/2P1pp1p/1PR5/3r1P2/5qPP/5P2/2R3K1 w - - 0 36	0.5
508	6k1/4B1p1/6rp/8/p2P4/6P1/PPP2P1P/1K1RR3 w - - 0 28	0.5
509	r1bqk2r/pppppp1p/8/5B2/5P2/5N2/PK1P1nPP/1N6 b kq - 2 12	0.5
509	r1bq1rk1/ppp1pp1p/8/3p4/5P2/2N2N2/PKBP1nPP/8 b - - 1 14	0.5
509	r4rk1/ppN1pp1p/4b3/4N3/3p1P2/8/3P1nPP/1K6 b - - 0 20	0.5
509	2r2rk1/pp2pp1p/8/3NNb2/3p1P2/8/K2P1nPP/8 b - - 4 22	0.5
509	4r1k1/pp2pp1p/8/3b4/5n2/6P1/3P3P/2K5 b - - 0 30	0.5
509	2r3k1/pp2pp1p/8/3b4/8/K2n2P1/3P3P/8 b - - 4 32	0.5
510	r1b2rk1/pppp1ppp/2nbpnq1/8/3PP3/2N2B2/PPP2PPP/R1BQK2R w KQ - 4 9	0.5
510	r1b2rk1/pppp1ppp/2nbp3/7q/3PP3/2N5/PPP2PPP/R1B1K2R w KQ - 0 11	0.5
510	r1b2rk1/ppp2ppp/2q1p3/8/3P4/2N1B3/PPPK1P2/3R4 w - - 0 17	0.5
511	1r4k1/5p2/6p1/1p1R2P1/p1p5/2P2P2/PP4K1/8 b - - 0 31	0.5
511	1r6/3R1p1k/6p1/1p4P1/p1p5/2P2PK1/PP6/8 b - - 4 33	0.5
511	1r6/5pk1/3R2p1/1p4P1/p1p5/2P2PK1/PP6/8 b - - 8 35	0.5
513	4nrk1/pR3pp1/2p5/4r2p/8/2N2P1P/PPP5/1K4R1 b - - 0 21	0.5
513	4nrk1/R4p2/2p3p1/8/p3N2p/5P1P/PPP5/1K6 b - - 1 27	0.5
513	5rk1/R7/2pnN1p1/5p2/p6p/5P1P/PPP5/1K6 b - - 3 29	0.5
514	6k1/p6p/p6p/2n5/8/7P/5rPK/4q3 w - - 0 37	0.5
516	r1b1kb1r/pp1n1ppp/2n1p3/2p1P3/8/3P1N2/PP1PQ1PP/RNB1K2R w KQ - 5 10	0.5
516	r1b1kb1r/pp1n1ppp/4p3/4P3/3p4/2NP4/PP1PQ1PP/R1B1K2R w KQ - 0 12	0.5
518	2r4k/5p2/4bN2/8/p3Bb1P/5N2/1Pn2PP1/3R2KR b - - 0 21	0.5
518	3R4/2r2k2/4p3/8/p3BN1P/8/1Pn2PP1/6KR b - - 0 27	0.5
518	1R6/2r1k3/4p3/8/p2nBN1P/8/1P3PPK/7R b - - 4 29	0.5
519	rk5r/1p1R2p1/6np/pB2p3/4P3/2R2NB1/P4PPP/6K1 b - - 2 24	1.0
519	r6r/kp1R2p1/7p/pB2B3/4P3/2R5/P4PPP/6K1 b - - 0 26	1.0
520	1r2kb1r/3pp1pp/p7/8/6RP/B1N1PP2/2PP1P2/4K3 b k - 2 19	0.5
520	4k2r/3p2pp/p3p3/8/4NR1P/4PP2/2PPKP2/1r6 b - - 5 23	0.5
520	6r1/3pk1pp/p3p3/8/4NR1P/4PP2/2PPKP2/1r6 b - - 9 25	0.5
520	5k2/3p2pp/p3p3/2N5/7P/4PP2/2PPKP2/1r6 b - - 1 27	0.5
520	8/6p1/4pk2/3p3p/3N1P2/3KP3/2PP1P2/7r b - - 3 35	0.5
523	r4rk1/6pp/1pnpb3/p2p1p2/3P3q/2P1P3/P1P1B1PP/1K1RR3 w - - 0 18	0.0
523	5rk1/6pp/1prpb3/p2p4/3P1p2/2PR3P/P1P1q3/1KR5 w - - 0 26	0.0
523	5rk1/6pp/1prpb3/p2p4/P2P3P/2PR4/2P1qp2/1KR5 w - - 0 28	0.0
523	6k1/6pp/1prpb3/p2p4/P2P3P/2P5/1KP5/4q3 w - - 2 32	0.0
523	6k1/6pp/1p1pb3/p2p3P/P2P4/2r5/K1P5/2q5 w - - 0 34	0.0
526	r1bqk3/pp1p1pp1/2n1pn2/2b4r/5B2/2N2N2/PPP1PPPP/R3KB1R w KQq - 6 8	0.5
526	r3k3/pp1b1pp1/2n2q2/2bn4/8/5N2/PPPB1PPP/4KB1R w Kq - 2 14	0.5
526	r4k2/pp1b1Bp1/8/5nN1/8/2P5/PP3KPP/7q w - - 1 22	0.5
526	6k1/pp4p1/8/6r1/5K2/2P4P/PP4q1/8 w - - 0 30	0.5
527	r3k3/ppp4p/3q1p2/3p4/1nrNb3/4B2P/PPP1PPP1/1KR2B1R w - - 1 17	0.0
528	r3kbr1/pppbpppp/2n2n2/1BB5/4p3/1QN5/PP2NPPP/1K1R3R b q - 12 11	1.0
528	r3kb1r/p1pbpppp/2p2n2/2B5/4p3/1QN5/PP2NPPP/1K1RR3 b q - 1 13	1.0
529	rnb1k2r/pp3ppp/2p2n2/4p1N1/8/8/PBP1PKBP/R6R b kq - 0 11	0.5
529	r1b2rk1/pp1n1ppp/2p2n2/4p1N1/8/B7/P1P1PKBP/R2R4 b - - 4 13	0.5
529	r1b1r1k1/pp1n1ppp/3R1n2/2p1p1N1/8/B7/P1P1PKBP/3R4 b - - 3 15	0.5
529	2r5/p2b1kpp/5n2/2p1p3/8/8/PBP1P2P/3R2K1 b - - 3 21	0.5
529	4r3/p4kpp/2bR1n2/2p1p3/8/2B5/P1P1P2P/6K1 b - - 7 23	0.5
529	4r3/p5pp/3R1nk1/P1pbp3/8/2B5/2P1P2P/6K1 b - - 0 25	0.5
530	2r5/1p1k1p1p/1B2b1p1/R7/8/2P2P2/2P3PP/6K1 w - - 1 24	0.5
533	3r1r2/p1pk1ppp/R2b4/4n3/3NN3/2P5/1P3PPP/2B3K1 b - - 1 21	0.5
533	1k1r1r2/R1p2ppp/3b4/1N2n3/4N3/2P5/1P3PPP/2B3K1 b - - 2 23	0.5
533	1k3r2/R4pp1/3r3p/1NB5/2P5/6Pn/1P4KP/8 b - - 0 29	0.5
534	r1b1k3/pppp1p1p/7n/8/1q1nP3/3B4/PPPN1PPP/R1B1K1NR w KQq - 2 12	0.0
535	r1b2r2/ppppkppp/8/8/2PnP3/2N3P1/PP1P3P/R1B1KBR1 w Q - 3 11	0.5
535	r1bk1r2/pp1p1ppp/2p5/3N4/2PnP3/6P1/PP1P1K1P/R1B2BR1 w - - 0 13	0.5
535	r1b2r2/ppkp1p1p/2p5/6p1/2PnPN2/3B2P1/PP1P1K1P/R1B3R1 w - - 0 15	0.5
535	rkb2r2/pp1p1p1p/8/2pN2p1/2PnP3/3BK1P1/PP1P3P/R1B3R1 w - - 2 17	0.5
535	r2r4/ppk2pB1/3pb3/2p4N/2P1P2P/1P1B1KP1/P2P4/R7 w - - 3 27	0.5
535	1krr4/pp3pB1/3pbN2/2p4P/2P1P3/1P1B1KP1/P2P4/R7 w - - 1 29	0.5
536	k3r3/p5B1/Pp6/8/2P4p/8/1P3PP1/3R2K1 b - - 0 33	0.5
537	8/p3p2p/p4k2/3rp3/4p3/2P5/1P3PP1/4K3 b - - 3 31	0.5
541	1k3r2/ppp3p1/8/8/1bn1P2P/6P1/P1P5/1K1R4 w - - 0 25	0.0
541	1k2r3/ppp3p1/8/7P/2n1P3/2b3P1/P1P5/2KR4 w - - 1 27	0.0
541	1k3r2/ppp3p1/8/7P/4P3/2b1n1P1/P1P5/2KR4 w - - 5 29	0.0
541	1k6/ppp3p1/8/7P/4P3/2b1n1P1/P1r5/1K4R1 w - - 0 31	0.0
541	1k6/ppp3p1/8/7P/P3P3/2b1n1P1/r7/2K3R1 w - - 3 33	0.0
544	3r2k1/1p4pp/3p1p2/P1p1pP2/2P5/3K1N2/5PPP/1R6 b - - 0 26	0.5
544	6k1/1p4pp/5p2/P1prpP2/2K5/5N2/5PPP/1R6 b - - 1 28	0.5
544	6k1/1p1r4/5pp1/P7/1K2p2N/8/5PPP/1R6 b - - 1 32	0.5
547	2r2rk1/pp3p1p/4p2P/q3b3/8/1P6/8/1K6 b - - 0 33	0.0
548	3rkb1r/2p1pppp/p1p2n2/8/2P5/2PBPP2/PP5P/R1BK3R w k - 2 12	0.5
548	4r3/2p2pk1/p1p2npp/P1P5/1PP2P2/3p3P/3B4/1K1R4 w - - 1 32	0.5
550	r1bk3r/pppp2bp/6n1/3P4/8/2N5/PPP1PPPP/R3KBNR w KQ - 2 10	0.5
550	r1bk3r/pppp3p/8/3P4/5n2/2P2N2/P1P1PPPP/R3KB1R w KQ - 1 12	0.5
551	7k/ppp1N1b1/5n1p/5Rp1/N7/3Q4/1PP3PP/4R1K1 b - - 0 23	1.0
553	4rk1r/p1pQ2pp/3b4/4p1B1/4R3/2NP4/PP3PP1/R3K3 b Q - 2 18	1.0
553	5k1r/p1pQb3/6R1/4p2p/8/3P4/PP3PP1/R3K3 b Q - 1 24	1.0
553	4k2r/p1p1b3/4QR2/4p3/7p/3P4/PP3PP1/R3K3 b Q - 3 26	1.0
553	3k3r/p3bR2/2p1Q3/4p3/7p/3P4/PP3PP1/2R1K3 b - - 1 28	1.0
557	r4b2/pp2pkp1/7r/1B1p2K1/3P1P2/8/PB4PP/1R5R w - - 1 19	0.5
557	2r2b2/pp2pkp1/6r1/1B1p4/3P1P2/8/PB3KPP/1R5R w - - 9 23	0.5
557	5b2/pp2pkp1/4r3/1B1p4/3P1P2/8/PB3KPP/2R5 w - - 1 25	0.5
557	8/6k1/5r2/p2p1P2/1R1P2KP/3Bb3/P5P1/8 w - - 0 35	0.5
560	5bnr/p2kpppp/1p6/8/4p2P/P1N5/1PP2P2/R1B1K1NR b KQ - 1 14	0.5
560	1k6/p2R1p1p/1p4p1/8/3N3P/P7/1PP2P2/2K5 b - - 0 26	0.5
560	2k5/7R/1p3pp1/8/3N3P/P7/1PP2P2/2K5 b - - 0 28	0.5
560	2k5/8/1p4R1/8/3N1p1P/P7/1PP2P2/2K5 b - - 0 30	0.5
560	8/2k5/1p3R2/7P/3N1p2/P7/1PP2P2/2K5 b - - 0 32	0.5
560	8/1k5P/1p3R2/8/3N4/P4p2/1PP2P2/2K5 b - - 0 34	0.5
561	3qkb1r/2p2ppp/2np4/5n2/Q1P1N3/8/PP1P1PPP/R1B1KBNR b KQ - 2 11	0.5
561	3qkb1r/2p2ppp/2np4/8/Q1P1N3/5P2/PP1P1P1P/R1B1KB1R b KQ - 0 13	0.5
561	Q2nkb1r/2pq1ppp/3p4/8/2P1N3/3B1P2/PP1P1P1P/R1B1K2R b KQ - 4 15	0.5
562	2r1kbnr/p1q1pppp/1p6/2p1P3/8/2N5/PPPPN1PP/R1B1K2R w KQk - 1 10	0.5
562	4kb1r/4pppp/1p6/2p5/6q1/2N5/PP1P2P1/R1B4K w - - 0 24	0.5
562	4k2r/4bppp/1p6/2p1p3/3q4/4N3/PP4P1/R1B3K1 w - - 6 34	0.5
564	r1b3kr/1p1n2pp/2p1pn2/p7/1b1P1B2/2N2NPP/PPP3P1/R2Q1RK1 w - - 2 13	1.0
565	6k1/p1p2pp1/1p6/3P2Bp/2P5/5P2/Pn2K1PP/2R5 w - - 0 25	0.5
565	4k3/p1B2p2/3P2p1/2R5/8/5P1P/Pn2K2P/8 w - - 0 31	0.5
565	8/p1B5/2kP1R2/6p1/2n5/5P1P/P3K2P/8 w - - 0 35	0.5
567	3r3k/1ppb1Q1p/6pB/3P4/2P5/8/1P3KPP/4N3 b - - 0 23	1.0
568	4k3/1p6/2ppq3/4np2/r7/2Q4P/1PP1PP1P/3R3K b - - 1 22	0.5
569	r6r/pppbk3/2n1pp2/5p1p/8/2P1PN2/P1P2PPP/1K1R1B1R b - - 0 13	0.5
571	r4r1k/p1p2ppp/Rp2pn2/2b1R1N1/2Pn1P2/3B4/1P1P1PPP/2BQ2K1 b - - 2 14	1.0
571	r4r1k/p1p2pp1/Rp2pn2/4R3/2P2P2/1Q1B4/1B1P2PP/6K1 b - - 3 20	1.0
571	r4rk1/p4pp1/Rp2pn2/1Qp1R3/2P2P2/3B4/1B1P2PP/6K1 b - - 1 22	1.0
572	rn2k2r/pp1b1ppp/3b4/2p1p3/6n1/5q2/PPPP1P1P/R1BN2KR w kq - 0 12	0.5
572	rn2k2r/pp1b1ppp/3b4/2p1p3/6n1/8/PPPP3P/R1B1K3 w kq - 2 16	0.5
572	rn2k2r/pp1b1ppp/3b4/2p1p3/8/2PP3P/PPn2K2/R1B5 w kq - 1 20	0.5
572	rn2k2r/pp3ppp/3bb3/2p1p3/8/2PP2K1/PPn5/1RB5 w kq - 2 22	0.5
572	r3k2r/pp3ppp/3bb3/2p1p3/2Pn4/3P4/PPn2K2/1RB5 w kq - 1 24	0.5
572	1r3rk1/p4pp1/7p/2p5/2Pn1b2/8/P7/6K1 w - - 3 36	0.5
573	2r3k1/pp3p1p/8/5p2/2p2B2/2P1RP2/P1q2PKP/8 w - - 0 23	0.5
574	rn1qk2r/ppp2pp1/2b5/4P2p/2P2n2/1P3N2/P2NPPPP/R3KB1R w KQkq - 1 12	0.0
574	rn3rk1/ppp2pp1/2b5/4P1qp/2P2n2/1P6/P2NPPPP/2KR1B1R w - - 0 14	0.0
574	rn3rk1/ppp2pp1/2b5/7p/2P5/KP5P/P1q2PP1/3R1R2 w - - 2 20	0.0
574	r4rk1/ppp2pp1/n7/7R/2P5/KP5P/P1q2Pb1/5R2 w - - 0 22	0.0
574	r4rk1/ppp2p2/n1b3p1/4R3/2P5/KP5P/P1q5/3R4 w - - 2 26	0.0
575	3r2k1/p2r1p2/P5p1/2p1B1P1/8/3p1N2/3K1P2/8 w - - 0 33	0.5
575	3r2k1/p4p2/P5p1/3rB1P1/2p5/3p1N2/3K1P2/8 w - - 2 35	0.5
576	2rqr3/pp2pkbp/2p1bnp1/2p5/2P1P3/2NP1B2/PP3PPP/2RQ1RK1 w - - 2 15	0.5
578	r1bk1b1r/p4ppp/1pn5/2p5/4nB2/5N2/PPP3PP/RN3BKR b - - 1 12	0.5
578	rk6/p6p/1p6/8/4NP2/8/Pb4KP/3R4 b - - 1 30	0.5
578	r7/p1k4p/1p6/8/2N2P2/8/Pb4KP/3R4 b - - 5 32	0.5
578	6r1/p1k4p/1p1R1b2/8/2N2P2/5K2/P6P/8 b - - 9 34	0.5
581	3b3r/3k4/7p/4p3/2R1n3/8/P1P3PP/4KR2 b - - 3 26	0.5
581	2R5/5k2/7p/b3p3/4K3/8/n1P3PP/8 b - - 1 32	0.5
582	rn2r3/pp3kpp/2p2n2/2b5/8/2N1PK2/PPP4P/R1B4R w - - 3 14	0.5
582	r3r3/pp3kpp/2p2n2/2b1n3/8/2N1P3/PPP3KP/R1B1R3 w - - 7 16	0.5
582	3rr1k1/pp4pp/2p2n2/2b1n3/8/2N1P3/PPPB2KP/3RR3 w - - 11 18	0.5
582	3rr1k1/1p4pp/2p2n2/p1b5/P1n5/2N1P2P/1PPB2K1/3RR3 w - - 1 20	0.5
582	4r1k1/1p4pp/2p5/p1b5/P1n1n3/4P2P/1PP3K1/2BNR3 w - - 1 22	0.5
582	6k1/1p4pp/2p5/p7/P4K2/3N3r/1PP5/3n4 w - - 0 30	0.5
583	r1b2k1r/pp4pp/3p4/2pBn3/P3N3/8/1PP2PPP/R1B1K1NR b KQ - 0 12	0.5
583	r1b2k1r/1p3npp/3p4/p1pB4/P3N3/5N2/1PP2PPP/R1B2RK1 b - - 1 14	0.5
583	1r3k1r/1p4pp/3N3n/p1pB4/P4B2/5P2/1PP2P1P/R3R1K1 b - - 2 18	0.5
585	5k2/2p3pp/r1Npp3/1p6/3P4/4B3/P1P2PPP/R5K1 w - - 2 27	0.5
585	8/2p1k1pp/3pp3/1p6/3P4/r2NB3/P1P2PPP/R5K1 w - - 6 29	0.5
586	k1r5/1N3R2/3B4/7p/p3P2P/4n3/PPP1P1P1/1K3B1R w - - 0 32	0.5
589	2k1r3/1pp2ppp/p7/8/5P2/2P3P1/P4P1P/4n1K1 b - - 2 27	0.5
589	8/1ppk1p1p/p4p1P/8/8/2P3P1/r2n4/4K3 b - - 0 35	0.5
590	rnb3nr/1p3p1p/1P6/p3k3/5N2/3BP3/P1P2PPP/b4RK1 b - - 3 14	0.5
590	rnb4r/1p3p1p/1P3n2/p3k3/2B2N2/2b1P3/P1P2PPP/3R2K1 b - - 7 16	0.5
590	rn5r/1p5p/1P2pn2/p3k3/2B5/2bRP3/P1P2PPP/6K1 b - - 1 18	0.5
590	r7/1p5p/4kn2/pr6/P4P2/3RP3/6PP/6K1 b - - 0 26	0.5
593	rnb1k1r1/1pp1q1pp/8/p1b5/7P/5N2/PP1P1PP1/RNBK3R w q - 0 12	0.5
593	r3k1r1/1pp3pp/2nbq3/p7/3P3P/2N2N2/PP3PP1/R1BK4 w q - 0 16	0.5
593	1k2r3/1p4pp/3p4/p4r2/1n1P3P/2N1P3/PP1K2P1/3R4 w - - 0 24	0.5
593	1k6/1p4pp/3p4/p7/3P3P/4P3/nP1KN1P1/5r2 w - - 0 28	0.5
593	1k6/1p4pp/3p4/p7/1nKP3P/4P3/1P2N1P1/4r3 w - - 4 30	0.5
594	2rr2k1/p1p2ppp/P1p1pn2/2P5/1b6/1b1P3P/1P1P1PP1/RNB1KB1R w KQ - 1 17	0.5
594	2rr2k1/p1p2ppp/P1p1pn2/2b5/8/3P3P/1PbP1PP1/RNB1KB1R w K - 0 19	0.5
594	2r3k1/p1p2ppp/P3p3/3p1b2/3b4/3P3P/1P3PP1/2B1KB1R w K - 1 25	0.5
594	r5k1/B1p2ppp/P3p3/3p1b2/8/3P3P/1b3PP1/4KB1R w K - 1 27	0.5
595	r3kb1r/ppp1pppp/2n1b3/8/3P1P2/2Nn1N2/PPq3PP/R1B2RK1 w kq - 1 11	0.0
595	r3kb1r/ppp1pppp/4n3/8/5P2/2N5/Pq4PP/2R2R1K w kq - 0 15	0.0
597	r1b1k2r/pppp1p1p/n4n2/8/3qPb2/2N5/PPP3PP/R3K1NR w KQkq - 0 10	0.0
597	r1b1k2r/pppp1p1p/n4n2/8/4q3/4b3/PPP3PP/R3K1NR w KQkq - 0 12	0.0
598	3qkbnr/5ppp/2b1r3/p7/4P3/2N5/PP3PPP/R1B2KNR w k - 4 13	0.0
599	r1bk1b1r/1pp3pp/4p3/p7/2PN4/2P5/PP3PPP/R1B1K2R b KQ - 0 13	0.5
599	1k3r2/2p3pp/2p1R3/8/p1P5/2P5/PP3bPP/3R3K b - - 1 27	0.5
599	1k4r1/2RR2pp/2p5/2P5/1P5b/p1P5/P5PP/7K b - - 2 33	0.5
601	r6r/pp1n1kp1/3b1n1p/8/8/2N5/P1PPNq1P/R1BK3R w - - 0 14	0.5
603	rnb1k2r/pppp1ppp/3q4/2b5/4PN2/8/PPP2PPP/RNB1KB1R w KQkq - 4 7	0.5
603	rnb2rk1/ppqp1ppp/8/2b5/4P3/8/PPP2PPP/RNB1KB1R w KQ - 0 9	0.5
603	r1b2rk1/pp1p1ppp/2nq4/2b5/4P3/2N5/PPP2PPP/R1B1KBR1 w Q - 4 11	0.5
603	r1b2rk1/pp1p1ppp/8/3N4/3nP3/8/P1P2PP1/R1B1KBq1 w Q - 2 15	0.5
605	r2n4/pp2R3/1k6/3pNB2/2p5/6P1/PPPP1K2/R1B5 b - - 2 24	0.5
605	r7/pp2R3/k7/3p1B2/2pP1B2/6P1/PPP2K2/4R3 b - - 4 28	0.5
605	8/pp2R3/k7/3R1BP1/P1pP1B2/8/2P2K2/1r6 b - - 0 34	0.5
606	3r1rk1/pp3p1p/7p/4Qb2/8/8/PP2pPPP/R3R1K1 b - - 0 21	0.5
606	3r1rk1/pp3p1p/7p/8/8/8/PP2QPPP/R5K1 b - - 0 23	0.5
606	4r1k1/Qp3p1p/7p/4r3/8/8/PP3PPP/5RK1 b - - 2 27	0.5
606	6k1/5p1p/4r2p/1p2r3/3Q4/8/PP3PPP/5RK1 b - - 3 29	0.5
607	rnb2rk1/ppp2ppp/8/3Q4/5B2/3B1N2/PPP3PP/RN2K2R b KQ - 2 10	1.0
608	rnb1kb1r/ppp2ppp/5n2/4P3/2B2p2/5N2/PPP2PPR/1RBQK3 b - - 0 11	1.0
608	rnb1k2r/ppp2ppp/5n2/4P3/2B2p2/2P2N2/P4PPR/1RBQK3 b - - 0 13	1.0
609	2rq1rk1/ppp2p1p/4p2p/1P6/4nP2/2B4P/2P1P1P1/2Q1KB1R w K - 1 17	0.0
610	rnbq4/1p2pkbQ/p7/3p2P1/2pP4/2N2N2/PPP1P1P1/R1B2K2 b - - 1 13	0.5
610	8/1p6/p5k1/3n4/3P4/2r5/4K1P1/8 b - - 1 31	0.5
610	8/1p6/p3K1k1/8/3P4/2n5/6r1/8 b - - 1 35	0.5
611	4r1nr/ppB1pkbp/2n1bpp1/8/8/2N2N2/PP4PP/R2Q1BKR w - - 7 13	1.0
611	5r2/pp2p2p/2n1kppb/3R4/2B5/2N2N2/PP4PP/6KR w - - 0 21	1.0
612	r1bqk2r/pppp1ppp/2n2n2/8/8/2N2N1P/P2BPPP1/R3KB1R b KQkq - 0 8	0.5
612	N5k1/pp3ppn/2n5/2q5/3p4/7R/P3BPP1/3RK3 b - - 0 18	0.5
612	N5k1/pp3p2/2n2npR/2q5/3p4/3B4/P4PP1/3RK3 b - - 1 20	0.5
615	r5nr/pk3p1p/1p6/8/5P2/1PR3K1/P2P2PP/8 b - - 0 19	0.5
616	8/ppp2ppk/8/4R3/3r1n2/2N3KP/PPn4P/8 w - - 2 22	0.5
616	4R3/ppp3pk/8/5p2/5r2/1PNn2KP/P1n4P/8 w - - 2 26	0.5
616	4R3/ppp3pk/8/5p2/3n4/1PNn3P/P4r1P/6K1 w - - 6 28	0.5
616	4R3/ppp3pk/8/5p2/3n4/1PNn1r1P/P5KP/8 w - - 10 30	0.5
616	7k/ppp3p1/8/5p2/3n4/1PNn3r/P6P/6K1 w - - 0 32	0.5
617	4kb2/1p3pp1/2pp4/5B2/3P1n2/1P6/r1P1nP2/2R1K3 w - - 0 22	0.5
617	4k3/1p2bpp1/2pp4/5B2/3P1n2/1Pn5/r1P2P2/2R1K3 w - - 4 24	0.5
617	4k3/1p3pp1/2pp1b2/5B2/1P1P4/2n5/r3nP2/3RK3 w - - 2 28	0.5
617	4k3/1p3pp1/2pp1b2/8/1P1P4/2n5/r4P2/1R2K3 w - - 1 30	0.5
620	4k2r/5ppp/1P6/4b3/P2pn3/7P/2K1b1P1/8 b k - 0 29	0.0
620	4k2r/1P3ppp/3q4/4b3/P3n3/1K5P/4b1P1/8 b k - 3 33	0.0
623	1k4r1/pp1R2p1/3p4/3n3p/8/P2P1P2/1P1B1P1P/5RK1 b - - 3 19	0.5
624	2kr1bnr/ppp3pp/4b3/4np2/7q/2N1P2N/PPP2PPP/R1B1KB1R w KQ - 2 8	0.5
624	2kr1b1r/ppp3pp/4bn2/4np2/6q1/4P2N/PPPBNPPP/R3KB1R w KQ - 6 10	0.5
624	2k2r2/ppp3pp/8/4npq1/4n3/4P3/PPPr1PPP/R3KB1R w KQ - 0 14	0.5
624	2k2r2/ppp3pp/8/4np2/4n1qP/4P2R/PPP2rP1/R3KB2 w Q - 0 16	0.5
624	2k2r2/ppp3pp/8/4np2/P6P/4q1n1/1PP3P1/K7 w - - 1 22	0.5
624	2k2r2/ppp3pp/8/5p2/P1n4P/2P3n1/KP4P1/2q5 w - - 1 24	0.5
624	2k2r2/ppp3pp/8/5p1P/5q2/K1n3n1/6P1/8 w - - 0 28	0.5
625	r3k1nr/pp2p2p/2n1Ppp1/8/2Pq4/1P6/P1KNPPPP/b4BNR w kq - 2 14	0.0
625	3rk1nr/pp2p2p/2n1Ppp1/8/2P5/1P3N2/P2NPqPP/b2K1B1R w k - 2 16	0.0
625	5r2/pp4kp/4npp1/4b1p1/2P5/1P5P/r3P1P1/2KR4 w - - 0 28	0.0
625	8/pp3k1p/4npp1/4b1p1/2P5/1P5P/r3P1P1/2K5 w - - 0 30	0.0
625	8/pp3k1p/5pp1/6p1/1PPn1b2/7P/r3P1P1/3K4 w - - 1 32	0.0
626	rn2k1nr/ppp2ppp/8/3qP3/6b1/2B1P3/PPP2PPP/R3KB1R w KQkq - 1 9	0.5
626	1k1rr3/ppp4p/4B1pn/8/2P2R2/8/PPK4P/8 w - - 1 23	0.5
628	4rrk1/pp3ppp/7n/3pq3/5p2/2bQ4/P1P4P/1RK4R b - - 1 22	0.0
628	4rrk1/p4ppp/1p5n/4q3/3p1p2/2bQ4/P1P4P/1RK2R2 b - - 1 24	0.0
629	3r1rk1/p1q2ppp/2b2n2/2b5/8/2NP1P2/PPP1N1PP/2KR3R w - - 0 14	0.5
629	3r1rk1/p1q2ppp/3b1n2/8/3P4/2N2P2/PPP1N2P/2KR3R w - - 1 16	0.5
629	3rr1k1/p1q2pp1/5n2/3Pb2p/1R6/2N2P2/PPP1N3/1K1R4 w - - 2 20	0.5
629	3rr1k1/2q2pp1/3b1n2/p2P1P2/3R4/2N4p/PPP1N3/1K1R4 w - - 0 24	0.5
629	3r2k1/5pp1/3q1n2/p2P1r2/P2R4/2N5/1PP4p/1K1R4 w - - 0 30	0.5
629	3r2k1/5pp1/3P1n2/pN6/P2R4/6q1/1PP2r1p/1K1R4 w - - 1 32	0.5
629	2r3k1/5pp1/3P1n2/pN6/P2R4/4q3/1PP2r1p/1K1R4 w - - 5 34	0.5
630	6kr/ppN3pp/2n5/8/3p4/3qnPP1/PP3R1P/4R1K1 b - - 3 21	0.5
630	6kr/1p4p1/4N2p/1P6/2np4/p2qnPP1/P4R1P/4R2K b - - 1 27	0.5
630	4r3/1p4pk/7p/1PN5/2np4/p2qnPPP/P4R2/4R2K b - - 2 29	0.5
631	r1b1kb1r/ppp1pppp/2n5/1N1n4/P7/5N2/1PPP1PBP/R1BQ1RK1 b kq - 6 8	0.5
631	3Q4/p4p1r/4p1kp/6p1/P2Pb3/8/1P3PnP/2R2RK1 b - - 0 28	0.5
633	2krr3/1pp2pbp/p7/8/1n1P2P1/8/P3B2P/RN1QK2R w KQ - 0 16	1.0
639	2b2k2/1pNp2pp/p1nr1n2/6N1/2B1P3/8/PPP3PP/R4RK1 b - - 2 17	0.5
640	rn3knB/pppb3p/8/6p1/2N3p1/8/1P2QPPP/2KR1B1R b - - 0 13	1.0
640	rn2k2B/pppbn2p/5Q2/6p1/2N3p1/8/1P3PPP/2KR1B1R b - - 4 15	1.0
640	r3k3/pppb2Bp/2n2Qn1/6p1/2N3p1/3B4/1P3PPP/2KR3R b - - 8 17	1.0
644	8/4p1bk/2p1p2p/p1r1P1p1/P7/1P3PB1/5PKP/4R3 w - - 0 28	0.5
644	8/4p1bk/2p1p2p/p1r1P1p1/P7/1P3PBP/5PK1/1R6 w - - 3 30	0.5
644	8/4p1bk/2p1p2p/p3P1p1/P7/1P2RPBP/5PK1/2r5 w - - 7 32	0.5
645	r1bqk2r/2pp1ppp/p1n5/2b5/R2pNB2/5N1P/1PP1QPP1/4KB1R b Kkq - 0 10	1.0
646	2kr1b1r/pppbpppp/2n2n2/8/8/2NP1N2/PPQ1PKBP/R1B4R w - - 7 9	1.0
647	2b3kr/1pNp1ppp/2npp3/p7/P7/3P1N1Q/1P1P1PP1/R1B1R1K1 b - - 2 17	0.5
647	2b3kr/1pNp1pp1/2n1p2p/p2p4/P7/3P1N1Q/1P1P1PP1/R1B1R1K1 b - - 1 19	0.5
647	2b1N1kr/1p3pp1/2n1p2p/p2p3Q/P2p4/3P1N2/1P1P1PP1/R1B1R1K1 b - - 1 21	0.5
647	6kr/1p1b1p2/2nNp1pp/p2p4/P2p2Q1/3P1N2/1P1P1PP1/R1B1R1K1 b - - 1 23	0.5
649	r3kb1r/pp3ppp/3p1n2/2p3Q1/2Pn4/7K/PP1P3P/RNB2B2 b kq - 2 13	0.5
649	1k1r1b1r/pp3ppp/3p1n2/2p3Q1/2Pn4/2NB3K/PP1P3P/R1B5 b - - 6 15	0.5
649	1k1r1b1r/pp3ppp/3p1n2/2p5/2Pn1Q2/2NB3K/PP1P3P/R1B5 b - - 10 17	0.5
649	1k1rr3/pp2b1pp/3ppn2/1Np5/2P5/5Q1K/PP1P3P/R1B5 b - - 1 21	0.5
649	1k1rr3/pp2b1p1/3ppn2/1Np5/2P4p/3P1Q2/PP4KP/R1B5 b - - 0 23	0.5
649	1k1rr3/pp1nb1p1/8/1Np1p3/2P1Q2p/4B3/PP4KP/R7 b - - 2 27	0.5
649	1k1r1r2/pp1nb1p1/8/1Np1p3/2P1Q3/4B2p/PP5P/3R3K b - - 1 29	0.5
650	r3kb1r/p3pppp/1pp2n2/2n1N3/8/2B1P1P1/QP3P1P/3R1RK1 b kq - 0 15	1.0
652	r1k1r3/ppp2p1p/7B/8/4p1b1/1PN5/P1P2PPP/R3KBNR b - - 2 12	0.5
652	rk2r3/ppp2p1p/8/3N1b2/2B1p3/1P2B3/P1P1NPPP/R3K2R b - - 10 16	0.5
652	rk3r2/p1p2p1p/1p3N2/5b2/2B1p3/1P2B3/P1P1NPPP/3RK2R b - - 3 18	0.5
652	rk5r/2p2B1p/1p3N2/p4b2/4pN2/1P2B3/P1P2PPP/3RK2R b - - 0 20	0.5
653	3r4/pp2p3/5k1p/2pPnpr1/8/2NP4/PP2BP1P/3RR2K w - - 0 21	0.5
653	3r4/pp2p1k1/7p/3Pnpr1/3R4/2N5/PP2BP1P/4R2K w - - 1 23	0.5
653	4R3/1p6/2k4p/p4pr1/2BR4/8/PP3P1P/7K w - - 5 31	0.5
653	2R5/kp6/3R4/p5r1/2B5/5p2/PP3P1P/7K w - - 0 35	0.5
654	r2qk2r/pp4pp/3b1nb1/2pPp3/6p1/2NP2N1/PP2KPBP/n1BQ1R2 w kq - 1 14	0.5
654	7k/pr4pp/8/2p5/4Prpb/8/PP3P1P/Q4K2 w - - 0 28	0.5
655	4k2r/pb1p1p1p/p4n2/2P1P3/r7/3P3N/1KP4P/8 b k - 0 21	0.5
655	2r5/p2p1p1p/p1b3k1/2PnP3/r7/3P2N1/2P4P/1K6 b - - 12 27	0.5
655	1r6/p2p1p1p/p1b3k1/2PnP3/8/3P2N1/2PK3P/r7 b - - 16 29	0.5
658	8/1pp1pk1p/2b3p1/8/2PBnP2/8/P1P3PP/1R4K1 b - - 2 21	0.5
658	8/2p1pk2/1pb3p1/7p/2PBnP1P/8/P1P3PK/1R6 b - - 1 23	0.5
658	8/2p1pk2/1pb3p1/7p/2PBnP1P/1R6/P1P3P1/6K1 b - - 5 25	0.5
658	8/3k4/1R2p1p1/2p1B2p/2P1nP1P/8/P1b3P1/6K1 b - - 5 31	0.5
659	r1b1k2r/pp1p2p1/5p2/7p/8/P6P/KP1bB3/5nq1 b - - 0 27	0.0
659	r6r/pp3kp1/5p2/3p1b1p/P7/1B2n2q/KP1b4/8 b - - 0 33	0.0
660	r2q1rk1/pp2b1pp/3p4/2nP4/P3b3/5N1P/1PP2PP1/2RQK2R w K - 0 17	0.5
660	r4rk1/pp4pp/3p4/q1nb4/P7/7P/1PP2PPR/2Q2K2 w - - 0 21	0.5
660	r4rk1/pp4pp/3p4/2nb4/7q/7P/1PP2PP1/2Q3KR w - - 2 23	0.5
660	r4rk1/pp4pp/3pb3/2n5/7q/5P1P/1PP3PK/2Q4R w - - 3 25	0.5
660	r4rk1/pp4pp/3pb3/2n5/8/5P1P/1PP2qPK/2Q4R w - - 7 27	0.5
660	r4rk1/pp4pp/3p4/2n5/2b4q/5P1P/1PP3P1/2Q2RK1 w - - 11 29	0.5
662	r1b1k1n1/ppp2ppr/2n5/2bqP3/8/8/PPP1PPPP/RNB1KB1R w KQq - 0 7	0.0
662	r1b1k1n1/ppp2ppr/2n5/2bq4/8/8/PPP1PPPP/R1B1KB1R w KQq - 0 9	0.0
662	4k1n1/rpp2ppr/2n5/3q1b2/8/5P2/PPP3PP/R3KB1R w KQ - 0 13	0.0
663	rnb2rk1/ppp2ppp/5n2/8/4p3/2N5/PP1PN1PP/R1BQ2KR b - - 5 11	0.5
663	2r2rk1/ppp2ppp/2n5/3N1b1Q/4p3/8/PP1P2PP/R1B3KR b - - 2 15	0.5
663	2r2rk1/ppp2ppp/2n5/3Q4/P3p3/8/1P1P2PP/R1B3KR b - - 0 17	0.5
663	5rk1/Q4pp1/P6p/1p6/1P6/8/3rp1PP/4R1KR b - - 1 29	0.5
663	3r2k1/4Qpp1/P6p/1p6/1P6/2r5/5KPP/4R2R b - - 4 33	0.5
663	6k1/5pp1/P6p/1p6/1P6/2r5/4QKPP/7R b - - 0 35	0.5
664	2R5/5k2/8/7R/n2P3P/8/5PP1/6K1 w - - 3 35	0.5
664	8/2R5/6k1/3P3R/n6P/8/5PP1/6K1 w - - 1 37	0.5
665	2r5/ppp2p1k/7p/7Q/4P3/3P1pPb/PP3P2/R3R1K1 b - - 6 31	0.5
666	r1k2b1r/ppp2Npp/4pp2/8/8/2N1P3/PPP3PP/R3K2R b KQ - 1 14	0.5
666	5r2/1ppk3p/1p1bpp1p/8/3P3P/8/PPP3P1/1K2R3 b - - 0 24	0.5
666	8/1pp4R/1p1bkp2/3p4/r7/1P6/2P5/1K6 b - - 0 34	0.5
668	4rk1r/pp2b1pp/4Qn2/8/8/5N2/PPP1PPPP/1K1R1B1R b - - 4 15	0.5
668	8/1p2Q1p1/6k1/8/p7/4P3/PPP3PP/1K3R2 b - - 1 35	0.5
669	6k1/pp3ppp/3B4/P7/1P1b4/6P1/2P3PK/3B4 w - - 4 26	0.5
669	6k1/p4p1p/P2B4/1p4p1/1P1b4/5BP1/2P3PK/8 w - - 0 28	0.5
669	8/p4p1k/P2B4/1B4pp/1P1b4/6P1/2P3PK/8 w - - 1 30	0.5
669	8/p4pk1/P7/1BP3pp/8/6P1/2P3PK/8 w - - 1 32	0.5
671	r1b2rk1/1p3ppp/p1p4n/4p3/2P5/P6P/P2P1BP1/2R1KB1R w K - 0 16	0.5
671	r2r2k1/1p3ppp/p1p4n/2B1pb2/2P5/P6P/P2PB1P1/2R1K2R w K - 4 18	0.5
672	1k6/pp1B3p/8/2pN4/3Np3/2P5/Pb3r1P/3R3K w - - 0 27	0.5
673	r7/ppp5/2n5/1k1q1p1n/1P3P2/P1P5/2N3PP/1RB1R1K1 w - - 3 26	0.5
673	6r1/npp5/8/1k3p1n/1P3P2/P1P4q/2N2RPP/1R4K1 w - - 0 30	0.5
673	6r1/1pk5/2n2n2/5p2/1P3P2/P1P4q/1R3RPP/6K1 w - - 2 34	0.5
673	6r1/1pk5/2n5/5p2/1P3P2/P1P1n1Pq/1R4RP/6K1 w - - 3 36	0.5
675	2kr1bn1/ppp2pp1/2n5/6N1/8/4K3/PPP2PPR/2R5 b - - 0 15	0.5
675	2k5/ppp2pR1/5nn1/6b1/3r4/7K/PPP2PP1/4R3 b - - 0 21	0.5
676	6k1/pp4p1/2nB1p2/8/2q5/P5P1/5P1K/4r3 w - - 2 30	0.0
676	6k1/pp4p1/5p2/3q4/1P6/6P1/5P1K/4r3 w - - 1 32	0.0
677	3r2k1/p1p1p1b1/1p4p1/8/P1PN2bP/4n3/1P2P3/2K5 w - - 0 25	0.0
677	6k1/p1p1p1b1/1p6/7p/P1P5/1K2n3/1P2b3/3r4 w - - 0 29	0.0
677	6k1/p3p3/1p6/4b2p/P7/1K2n3/4b3/2r5 w - - 2 33	0.0
680	4k3/2p1n3/4BBpp/2b1P3/p2r4/8/PP3PPP/2R1R1K1 b - - 1 34	0.5
681	rnb1k1r1/pp1pq1pp/8/5p2/5P2/4pN2/PPP1N1PP/R1BQK2R b KQq - 1 10	0.5
681	r1b1kr2/pp2q1p1/2np3p/3Q1p2/5P2/4pN2/PPP1N1PP/R1B2RK1 b q - 1 14	0.5
682	2r3k1/6pp/p7/8/5R2/8/PP2PP1P/4K1NR w - - 3 28	0.5
682	6k1/6pp/p7/8/5R2/8/PPr1PPKP/6NR w - - 7 30	0.5
682	1R6/6pk/p6p/8/8/8/PPr1PPKP/6NR w - - 2 32	0.5
682	1R6/6pk/7p/p7/P1r5/7P/1P2PPK1/6NR w - - 1 34	0.5
682	1R6/6pk/7p/p7/r7/5N1P/1P2PPK1/4R3 w - - 0 36	0.5
683	r6r/2pk1pp1/2p5/p3R1Qp/1b6/3P4/PP3PPP/5RK1 b - - 2 18	0.5
683	r1k2r2/2p2pQ1/2p5/p6R/1b6/3P4/PP3PPP/5RK1 b - - 0 20	0.5
683	4rr2/1kp2p2/2p2Q2/p6R/1b6/3P4/PP3PPP/2R3K1 b - - 4 22	0.5
683	1k3r2/2p2p2/2p1r3/p4R2/1b1Q4/3P4/PP3PPP/2R3K1 b - - 8 24	0.5
684	4r1k1/pp3pp1/8/3P4/8/3n4/P5PP/R2K1R2 b - - 1 25	0.5
686	8/p1p2kp1/1p6/2q5/8/4PK2/P4P2/8 w - - 0 26	0.5
686	8/p1p2k2/1p6/6p1/2q5/4PK2/P4P2/8 w - - 0 28	0.5
686	8/p1p2k2/1p6/6p1/8/4P3/q4P2/5K2 w - - 0 30	0.5
686	8/p1p2k2/1p6/8/6p1/4P3/5P1K/5q2 w - - 2 34	0.5
687	2k4r/5pQ1/2p4p/3p1P2/1p6/1P6/P2P2PP/3R2K1 b - - 0 28	1.0
687	2k5/5Q2/2p2P1p/3p4/1p2r3/1P6/P2P2PP/3R2K1 b - - 0 30	1.0
688	2b1k2r/1pp2ppp/4p3/8/3BnP2/5N2/1P4PP/3K3R b k - 1 15	0.5
688	2b2rk1/1pp3pp/4p3/5p2/3BnP2/5N2/1PK3PP/4R3 b - - 1 17	0.5
688	5k2/1p4pp/4p3/2p3P1/4p3/1P6/3K2PP/8 b - - 1 25	0.5
688	8/6pp/4K3/1pp3k1/8/1P6/6PP/8 b - - 0 29	0.5
688	8/5Kpp/8/6k1/2p5/8/6PP/8 b - - 1 31	0.5
689	r3kbnr/pp2p2p/5pp1/2p1p3/4P3/N6N/PPP2PPP/R1B1K2R w KQkq - 0 11	0.5
689	2r3nr/pp2pk1p/5pp1/2p1p3/4P3/4N2N/PPP2PPP/R4RK1 w - - 1 15	0.5
689	4r3/pp2P1k1/6pp/2nNp3/P1p5/5R2/1PP3PP/3R2K1 w - - 0 29	0.5
691	r1bk2n1/pp4pN/2nB4/8/4p3/8/PPP2PPP/3RK2R w K - 1 17	0.5
691	8/ppk3n1/4bN2/8/8/8/PPP2PPP/3R2K1 w - - 0 27	0.5
691	8/pp4n1/2k1b3/3N4/6P1/8/PPP2P1P/3R2K1 w - - 3 29	0.5
691	8/pp4n1/1k2b3/8/6P1/3N4/PPP2P1P/3R2K1 w - - 7 31	0.5
692	r1k2br1/ppp1p1pp/5n2/1B2N3/8/4B3/PPK2PPP/3R4 b - - 6 16	0.5
692	3r1b1r/ppk1p1pp/2p1Bn2/4N3/8/4B3/PP3PPP/1KR5 b - - 7 20	0.5
692	1k1r1br1/pp2p1pp/2p2n2/4NB2/8/4B2P/PP3PP1/1KR5 b - - 0 22	0.5
692	1k1r1b2/pp2p1rp/2p1Bnp1/4N3/7P/4B3/PP3PP1/1KR5 b - - 0 24	0.5
694	1Rbqr1k1/1pp2ppp/5n2/3p4/3PpN2/1PN1P3/2P2PPP/2Q1KB1R b K - 0 11	0.5
698	5r2/pp4pp/3pB3/7k/3P1P2/2P5/PP4n1/1K2R3 w - - 1 32	0.5
703	1rb5/ppp1kp1p/4p3/5p2/5N2/6PP/PPP1N1B1/3K3R b - - 2 17	0.5
703	5k2/pppb1p1p/4p3/8/5N2/6NP/PPP3B1/3KR3 b - - 0 21	0.5
703	6k1/p1pb1p1p/1p2p3/4R3/4BN2/6NP/PPP5/3K4 b - - 3 23	0.5
703	8/p1Nb3p/1p1k4/4pp1B/8/2R3NP/PPP5/3K4 b - - 2 29	0.5
703	8/p1R4p/1p2b3/1N1kpp1B/8/6NP/PPP5/3K4 b - - 6 31	0.5
704	3r2k1/1p3ppp/8/3pp3/7P/2qP1PP1/2BRK3/8 w - - 0 29	0.5
704	3r2k1/1p3ppp/8/3pp3/7P/3P1PP1/2BRK3/6q1 w - - 4 31	0.5
707	8/pp3Bpp/8/4k3/8/8/PPb2PP1/2R1K3 b - - 2 21	0.5
707	8/pR4p1/5k2/7p/8/8/PP2KPP1/8 b - - 0 25	0.5
707	8/6p1/5k2/R7/7p/8/PP2KPP1/8 b - - 0 27	0.5
707	8/6p1/4k3/8/8/7R/PP2KPP1/8 b - - 0 29	0.5
707	8/6p1/5k2/7R/1P6/8/P3KPP1/8 b - - 0 31	0.5
710	8/1pB2pk1/2n5/p1N3Np/8/1PPb4/P4PPP/6K1 b - - 0 26	0.5
710	3B4/5k2/5p2/2N4p/P7/2P5/b4PPP/6K1 b - - 0 32	0.5
710	3B4/P5k1/5p2/2Nb4/8/2P4P/5P1P/6K1 b - - 0 36	0.5
712	6nr/2pp1kpp/8/p1b5/2P5/7P/PP2KP2/RNB4q w - - 0 12	0.0
712	6nr/2pp1kpp/8/p7/1bP5/3KBq1P/PP3P2/RN6 w - - 4 14	0.0
715	r2q1rk1/pp4pp/4pn2/3p4/3p1P2/3B1Q2/P1PP2PP/R4RK1 b - - 1 14	0.0
717	2rk1b1r/p1N1pppp/2p2n2/8/3P1Bb1/5N2/PPP2PPP/R2QK2R w KQ - 0 11	0.5
717	2r1kb1r/p3pppp/2p5/8/3PnBb1/5N2/PPP2PPP/R2Q1RK1 w - - 2 13	0.5
721	rn4n1/pp2pk2/8/4b3/2q5/P3B3/5PP1/6K1 b - - 0 22	0.0
721	3r2n1/pp2pk2/8/8/P2n2P1/3K4/5P1b/2q5 b - - 0 30	0.0
722	1k6/R4R2/8/7p/4K2P/6P1/P1pr4/8 w - - 0 34	0.5
724	r2qk2r/ppp2ppp/5p2/3p4/1b1NbP2/2N1B3/PPP1P1PP/R3KB1R w KQkq - 4 9	0.0
724	6k1/5ppp/5p2/3p4/4b3/2P5/r1P2KPP/5B1q w - - 0 23	0.0
724	6k1/5ppp/5p2/3p4/4b3/2P3KP/2r3P1/5q2 w - - 0 25	0.0
726	4r3/1p3pkp/2p2p2/3p4/5P2/3NB3/qP3KPP/3R4 w - - 0 24	0.5
726	4r3/1pq2pkp/2p2p2/3p1P2/1P6/3NB3/5KPP/3R4 w - - 1 26	0.5
726	6k1/1p3p1p/2p2p2/8/1P1pqN2/8/3B1KPP/8 w - - 0 32	0.5
726	6k1/1p3p1p/2p5/5p2/1P2qN1K/3p4/3B2PP/8 w - - 0 34	0.5
727	r1k4r/1p1b1ppp/p4n2/4B3/7N/8/PPP1PPP1/2KR1B2 b - - 2 15	0.5
729	r2qkbnr/pp3p1p/2n5/3p4/5B2/2P2N2/P1Q3PP/2KR1B1R b kq - 1 12	0.5
729	r2qk2r/pp2bp1p/2n2n2/3p4/5B2/2PB1N2/P1Q3PP/2KRR3 b kq - 5 14	0.5
729	8/1R3nk1/p7/4b3/6P1/7P/P1K5/8 b - - 0 36	0.5
730	8/5p2/8/2k2p1p/3n1P1P/2p3P1/1r3PB1/4K2R w - - 0 32	0.5
731	rnb2rk1/pp1p1ppp/8/4q3/8/2P5/P1K2bPP/R1B2BNR w - - 4 13	0.0
731	r1b2r2/pp1p1ppk/8/n2q2B1/8/2P2N2/P1K2bPP/R6R w - - 2 17	0.0
731	r4r2/pp1b1ppk/8/6B1/P1n5/2Pq1N2/5bPP/R1K5 w - - 1 21	0.0
731	r2r4/pp1b1ppk/8/8/P7/n1Pq4/3b2PP/3K4 w - - 0 25	0.0
733	rk3b1r/p1p3p1/2p1pp1p/8/2PP1P2/8/PP1B2PP/2RR2K1 b - - 0 18	0.5
733	3r4/pkp3p1/7p/2PpPp2/8/1P4KP/1P4P1/3R4 b - - 0 30	0.5
734	r1bkr3/p1pp2pp/5n2/1p2n3/8/2Q1B3/PPP1PPPP/2KR1B1R b - - 1 12	0.5
735	4B3/pp4p1/4pp2/2k5/P1p1PP2/5n1r/1PP4P/1K6 w - - 0 28	0.5
735	4B3/pp4p1/5p2/2k2P2/P1p5/5n2/1PP4r/1K6 w - - 0 30	0.5
735	4B3/p5p1/p4p2/2k2P2/2pn4/8/1PP4r/1K6 w - - 0 32	0.5
736	r7/pp3Nkp/2n5/2b5/4r3/2P3Pq/P4P1P/3R1R1K w - - 0 22	0.0
736	2n5/pp4kp/8/2b5/4q3/2P3P1/P4P1P/5RK1 w - - 0 28	0.0
736	8/pp4k1/7p/P1b5/4n3/2P2qP1/3R1P1P/6K1 w - - 1 32	0.0
738	3r1b1Q/1p2k3/5n2/2p2p2/p1Pn4/3P4/PP4PP/R1B4K b - - 0 21	0.5
738	3r4/1p2bk2/5n1Q/2p2pB1/p1Pn4/3P4/PP4PP/R6K b - - 4 23	0.5
738	7Q/1p1k4/8/2p3B1/p1Pn1p2/3P4/PP4PP/7K b - - 0 27	0.5
738	8/1pk5/8/2p3B1/p1Pn4/3P4/PP3QPP/7K b - - 0 31	0.5
738	8/kp2Q3/8/2p3B1/p1Pn4/3P4/PP4PP/7K b - - 4 33	0.5
740	rn2kb1r/ppQ1p1pp/5p2/8/5P2/P1N5/1P5P/R1B1K1Nb b Qq - 1 11	0.5
740	r3kb1r/ppQnp1pp/2b2p2/8/5P2/P1N1B3/1P5P/2KR2N1 b q - 5 13	0.5
740	3r1r1k/2Qn2pp/2p2p2/8/3R1P2/P1N4P/1P6/1K6 b - - 0 23	0.5
740	4r2k/3Q2pp/2p2p2/8/5P2/P1N4P/1P6/1K6 b - - 0 25	0.5
740	6k1/3Q2pp/2p2p2/8/5P2/P1N4P/1P1K4/4r3 b - - 4 27	0.5
740	8/6k1/2p5/5p1p/P1Q5/2N4P/1P2K3/8 b - - 0 33	0.5
741	3rkb1r/pp2pppp/2n2n2/2P5/4b3/N4N2/PPP3PP/R1K2B1R w k - 2 12	0.5
741	6r1/pp2k1p1/7p/6N1/6nP/2P5/PP4b1/R1K5 w - - 0 24	0.5
741	8/pp2k1p1/8/6P1/1P2b1n1/2P5/P4r2/R1K5 w - - 1 28	0.5
741	8/pp2k1p1/8/1P2n1P1/4b3/2P5/P1r5/R2K4 w - - 3 30	0.5
741	8/pp2k1p1/8/PP4P1/4b3/2r2n2/8/R2K4 w - - 0 32	0.5
741	8/p3k1p1/Pp6/1P4n1/4b3/2r5/R7/3K4 w - - 0 34	0.5
741	8/p3k1p1/Pp6/1P6/4n3/2r2b2/3R4/4K3 w - - 4 36	0.5
742	3r3r/pp2kppp/2n5/4p3/4N3/4P2P/PPqN1P2/R3KB1R w KQ - 0 14	0.5
743	r3kb2/ppq2pp1/2n5/2p5/5PP1/4P2r/PPP4P/R1B2RK1 w q - 1 14	0.0
743	2kr4/ppq1bpp1/2n5/2p5/5PP1/4P2r/PPPB3P/3R1RK1 w - - 5 16	0.0
743	2kb4/pp3pp1/2n5/q1p5/5PP1/4P2r/PPP4P/5RK1 w - - 0 18	0.0
743	2kb4/pp3pp1/2n5/2p5/5PP1/4r3/PPPq3P/R5K1 w - - 2 20	0.0
743	2kb4/pp3pp1/2n5/2p3P1/5q2/5r2/PPP4P/R6K w - - 0 22	0.0
744	7r/4pk1p/1p2N1p1/5p2/1P6/2b1KP2/r4PPP/3R1R2 w - - 2 21	0.5
746	2rq1rk1/p1pb1p1p/Ppn1pnp1/3p2N1/8/2PBP3/1PPB1PPP/R2QR1K1 b - - 1 13	0.5
747	3rkbnr/2p1p1pp/b1n2p2/8/3P4/N4N2/PPP2P1P/R1B1K2R w KQk - 1 11	0.0
748	5rk1/ppB1q1pp/8/8/4n3/4P3/KP1rBPPP/4n1NR w - - 0 19	0.0
748	3r2k1/pp4pp/4q3/8/8/4PP2/1PnrBnPP/1K4NR w - - 1 23	0.0
748	3r2k1/pp4pp/8/8/5N2/1q2PP2/1PnrB1PP/1K5n w - - 2 25	0.0
751	r2q4/1p1k4/2n2np1/p1Q5/3ppB2/7N/PPP2P1P/RN2K2R b KQ - 2 14	0.5
751	r2k4/1p6/2n2np1/p5N1/3ppB2/8/PPPN1P1P/R3K2R b KQ - 1 20	0.5
751	r2k4/1p6/2n2np1/p5N1/4pB2/8/PPKN1P1P/3R3R b - - 0 22	0.5
751	2N5/7k/3R4/pp4p1/8/4B3/PP5P/1K5n b - - 3 34	0.5
753	4kb2/ppB1p2r/4B2p/4N1p1/P7/3b4/1P3PPP/R3R1K1 b - - 2 23	1.0
753	5k2/pp1Bp2r/7p/4N1p1/P7/8/1P3PPP/R3R1K1 b - - 0 27	1.0
753	5kr1/pp2p3/4B2p/4N1p1/P7/8/1P3PPP/2R1R1K1 b - - 4 29	1.0
753	6k1/ppR1p3/7p/4N1p1/P7/8/1P3PPP/4R1K1 b - - 1 31	1.0
753	5k2/1R2p3/2N4p/p5p1/P7/8/1P3PPP/4R1K1 b - - 1 33	1.0
753	8/1R2R3/2N3kp/p5p1/P5P1/8/1P3P1P/6K1 b - - 0 35	1.0
754	5b1r/p3p1pp/1pk5/4P3/P3R3/8/1P5P/4R1K1 w - - 3 27	0.5
754	5b1r/1k2p1pp/1p2P3/p7/P3R3/8/1P5P/2R3K1 w - - 0 29	0.5
755	3r2k1/2p1b1pp/2q3n1/p2pP3/3P1p2/2P5/PP1NBPP1/3R1RK1 w - - 0 21	0.5
757	2r5/pp6/5R2/7p/3N2k1/6P1/PPb2P1P/6K1 b - - 2 29	1.0
760	4k2r/p1p3pp/2p5/4P3/6bR/2P5/P4PP1/R3K3 b Qk - 0 18	0.5
760	5rk1/pRp5/2p5/4Pbpp/8/2P2P2/P5P1/4K2R b - - 5 22	0.5
760	6k1/pRp5/2p5/4rbpR/8/2P2P2/P4KP1/8 b - - 0 24	0.5
760	1R2b3/p1p3k1/2p5/6P1/8/2P5/P4KP1/8 b - - 0 28	0.5
760	8/R7/2p5/2P2bk1/8/8/P4KP1/8 b - - 0 34	0.5
761	8/4k3/7p/2R5/1p3P2/pP6/P1P3PP/1K6 w - - 0 31	0.5
761	8/4k3/8/8/1R3P1p/pP6/P1P3PP/1K6 w - - 0 33	0.5
762	3rk2r/3p1pp1/pp2pn1p/8/3P4/4PP2/PPP2P1K/R1B2R2 w k - 0 15	0.5
762	2r2rk1/5pp1/1p1pp2p/p7/3P4/P1P1PP2/2P2P1K/3R1R2 w - - 1 21	0.5
763	r6r/p1p1pk2/2p4p/6p1/8/4BN2/P1P2PPP/R5K1 b - - 0 15	0.5
763	5R2/2p5/6k1/p4N2/6pP/4B1K1/P1P2PP1/3r4 b - - 1 31	0.5
765	3r4/p3pk2/2p1p3/4P1p1/3P4/4P1K1/Pq5P/8 w - - 0 26	0.5
766	2r1k1q1/pp2b1pp/2pB1n2/2Pp2N1/8/2N5/PP3PPP/4R1K1 b - - 3 19	0.5
766	3r4/pp2k1pN/2p5/2P5/8/8/PP3PPP/5K2 b - - 2 25	0.5
767	2rr2k1/p4pp1/7p/2p1q3/4P3/4R3/PP1P2P1/R1B1K3 w Q - 2 21	0.5
767	3r2k1/p4pp1/8/7p/4P3/3p1P2/PPrB4/1R2K3 w - - 0 27	0.5
767	3r2k1/p4pp1/8/4P3/P7/3p1P1p/1PrB4/1R2K3 w - - 0 29	0.5
768	3rkb1r/pbppqpp1/2n4p/4p3/B1N1P3/1PP2N2/PB3PPP/R2Q1RK1 b k - 0 12	0.5
768	3rkbr1/pbp1qpp1/2p4p/4p3/2N1P3/1PP2N2/PB2QPPP/R4RK1 b - - 1 14	0.5
768	2k5/2pr2p1/2p2p1p/P1P2P2/8/6P1/P4P1P/4R1K1 b - - 2 32	0.5
769	7r/pN2kppp/4bn2/4p3/1R6/3B1N2/2PP1P2/2B1K3 b - - 0 20	0.5
769	7r/p4ppp/3Nbk2/3np3/2R5/3B1N2/2PP1P2/2B1K3 b - - 4 22	0.5
769	5k1r/pR4pp/4b3/4N3/8/3P4/3P1P2/2B1K3 b - - 2 28	0.5
771	6kr/2pn2p1/1p5p/p4P2/P1P5/2b5/2P3PP/3R3K b - - 1 27	0.5
772	r2k4/pppb2p1/4p1B1/2q5/6p1/5n2/PPPPNP2/R1B2K2 w - - 4 18	0.5
772	r2k4/pppb2p1/4p3/8/1q1P2p1/3B1n2/PPP1NP2/R1B2K2 w - - 3 20	0.5
773	1r1q1k2/2p5/4bn2/p3n3/4B1pr/2K5/PPP1PP1P/RN4NR w - - 3 13	0.0
773	r2q2k1/2p5/4bn2/p3n3/6pr/2K5/PPPNPP1P/R5NR w - - 2 15	0.0
774	rn2k1nr/1ppb2pp/4p3/p1Q3B1/2B5/8/PP3PPP/R3K1NR b KQkq - 0 12	1.0
774	r3k2r/1ppb2pp/2n1pn2/p1Q3B1/2B5/5N2/PP3PPP/2KR3R b kq - 4 14	1.0
774	r3k2r/1ppb2pp/2n1pn2/p1Q3B1/2B5/5N2/PP3PPP/1K1RR3 b q - 8 16	1.0
778	5r2/1p4b1/3R1nk1/p2NB3/4P2p/8/PPP3PP/1K6 b - - 0 31	0.5
779	rnb1kb1r/pppp2pp/5n2/4p3/8/5N1P/PPPP1KB1/RNBQ3R b kq - 2 8	1.0
779	r1b1k2r/pppp2pp/3b1n2/8/3Qp3/2N2N1P/PPP2KB1/R1B1R3 b kq - 0 12	1.0
779	r1b1k1r1/pppp2pp/3b4/8/3QN1P1/5N2/PPP2KB1/R1B1R3 b q - 0 14	1.0
780	r3kb1r/pb3ppp/3p1p2/2p5/3nP3/2N5/PPP2PPP/R1B1K1NR w kq - 0 10	0.5
780	4k2r/p4ppp/3b1p2/2pr4/8/5P2/PPPB1P1P/R2K3R w k - 2 16	0.5
780	5k1r/p4ppp/5p2/2pr4/8/5P2/PPPB1P1b/R1K1R3 w - - 0 18	0.5
780	5k1r/p4pp1/5p2/2pr4/5P1p/8/PPPB1P1b/1RK1R3 w - - 0 20	0.5
780	5k2/p4pp1/5p2/P1pr4/5P1r/7p/1PPB1P1b/1RK1R3 w - - 1 22	0.5
781	2N3k1/5ppp/8/p7/1p6/3rPq2/PP3P2/K4R2 w - - 0 25	0.0
781	3r2k1/N4ppp/5q2/p7/1p6/4P3/PP3P2/K1R5 w - - 4 27	0.0
781	3r2k1/5ppp/8/8/1p2q3/pP2P3/P4P2/K1R5 w - - 0 31	0.0
781	3r2k1/5ppp/8/8/1p3P2/pP6/P2q4/1KR5 w - - 2 33	0.0
781	3r2k1/5ppp/8/8/1p6/pP6/P2q4/1KR5 w - - 2 35	0.0
782	2r1kb1r/2pR1pp1/2B2p1p/p7/8/2N1B3/1PP2PPP/5RK1 b k - 0 17	0.5
784	2rqkb1r/pp2pppp/2npbn2/2p5/4PP2/2NB1N2/PPPP2PP/R1BQK2R w KQk - 3 7	0.5
784	2rqkb1r/pp2pppp/3pbn2/8/3pPP2/2NB4/PPPP2PP/R1BQ1RK1 w k - 0 9	0.5
784	2r1kb1r/pp1qpppp/3p1n2/8/3pPP2/2N5/PPPP2PP/R1BQ1RK1 w k - 0 11	0.5
786	2r2r2/pp1pqppk/5n2/8/3n4/2N5/PPP1PPPP/R1B1KB1R w KQ - 0 11	0.0
786	2r2r2/pp1pqppk/8/3n4/8/8/PPn1PPPP/R1BK1B1R w - - 0 13	0.0
786	5r2/pp1pqppk/8/3n4/3n4/8/PPr1PPPP/1RB1KB1R w - - 4 15	0.0
786	5rk1/pp1pqpp1/8/8/3n1n2/4P3/PPrB1PPP/1R2KB1R w - - 1 17	0.0
786	5rk1/pp3pp1/8/B2p4/3nqn2/4P2P/PPr2PP1/1R2KB1R w - - 2 19	0.0
789	5knR/p1p2pp1/4b3/1B6/5p2/P1bn4/7K/4q3 b - - 0 27	0.0
790	r2qk2r/pp1n1ppp/2p1b3/8/P3N3/2N5/1PP1PPPP/R3KB1R b - - 2 12	0.0
791	1k2r3/1p4p1/5n2/8/p3Pb2/5P2/PPPr1P1P/2R1R1K1 w - - 2 25	0.5
791	1k6/1p4p1/5n2/7r/p3Pb2/5P1P/PPPr1PK1/2R1R3 w - - 1 27	0.5
795	r1b1kb1r/ppp1ppp1/2n2n1p/8/2B5/2N2N2/PPPP2PP/R1BQ1RK1 b kq - 4 7	1.0
795	2krr3/pp4p1/2nppn1p/8/8/2NQ1N2/PPP3PP/R3R1K1 b - - 1 15	1.0
795	1k1r4/pp2r1p1/2nppnQp/8/8/2N2N2/PPP3PP/3RR1K1 b - - 5 17	1.0
795	1k1r4/pp2r1p1/2np2Qp/3Rp3/8/5N2/PPP3PP/4R1K1 b - - 0 19	1.0
795	2R5/kpQ3p1/7p/p7/8/8/PPP3PP/4R1K1 b - - 0 25	1.0
796	6k1/p1p2p1p/P1p2p2/3q4/1P3b2/7P/5K2/8 b - - 0 29	0.0
798	2rq1rk1/p1p2pp1/4p2p/3nN1b1/3P4/5Q2/PPP2PPP/4R1KR b - - 2 19	0.5
803	3r4/p6p/1p6/3B1R2/2P1N3/3k4/PP1P2PP/2R3K1 w - - 5 32	0.5
804	r2k1b1r/ppp1nppp/4b3/1B6/K7/P1P5/1P4PP/RN4q1 w - - 0 18	0.0
808	r1k3nr/ppp2ppp/2n1b3/2b1P3/P7/2N1PN2/1PP1P1PP/2KR1B1R w - - 7 11	0.0
808	1k2r3/1pp2pp1/2n1b3/r3P1p1/1nP1P3/N3b2P/1K2P1P1/3R1B1R w - - 0 25	0.0
808	1k2r3/2p2pp1/2n5/4P1p1/1np1P3/4b2P/r3P1P1/1K1R1B1R w - - 0 29	0.0
808	4r3/1k3pp1/3R4/2p1n1p1/1n2P3/2p1b1PP/r3P3/1K3B1R w - - 0 33	0.0
812	8/6Q1/R7/3k2B1/7P/2P5/2P1P2K/5R2 w - - 1 28	1.0
812	8/8/R7/4Q1B1/2k4P/2P5/2P1P2K/5R2 w - - 5 30	1.0
815	r2q1rk1/pb1p2pp/2np3n/1B6/4Pp2/2N2N2/PPP3PP/2KR3R b - - 6 12	0.5
815	2r5/3pk1pp/8/R7/4b3/5p2/PP6/3K4 b - - 3 36	0.5
817	r2qkb1r/p2nppp1/2p1bn1p/3p4/3P1P2/3BPN2/PPP3PP/RNBQ1RK1 w kq - 6 8	0.5
818	rn2kbnr/ppp1pppp/8/8/5q2/6N1/PPPP3P/R1BQKB1R w KQkq - 2 8	1.0
821	r1b1k2r/pppp1ppp/2n2n2/8/3P4/5N2/P2BP1PP/RN2KB1R w KQkq - 3 10	1.0
824	r3kb1r/ppp1pppp/2n2n2/5b2/2B5/2N2N2/PP1P1PPP/R1BQ1RK1 b kq - 6 7	1.0
824	1r5k/pp1R1p1p/4pp2/8/4BbQ1/2N4P/PP3P2/5RK1 b - - 0 21	1.0
824	3r3k/pp3p1p/4pp2/8/4BQ2/2N4P/PP3P2/5RK1 b - - 0 23	1.0
825	2r1kb1r/pp4p1/7p/2p5/4PB2/1P4R1/1PP2P1P/R3K3 b Q - 1 18	0.5
825	2r1kbr1/Rp6/7p/2p1B1p1/4P3/1P4R1/1PP2P1P/4K3 b - - 0 20	0.5
826	r1b3nr/pp3kpp/2p5/2bNn3/8/4PP2/PPP1BP1P/R1B1K2R w KQ - 0 11	0.5
826	r5nr/pp3kpp/8/2bp4/5P2/4P3/PPP2P1P/R1B2RK1 w - - 0 15	0.5
826	r7/pp3krp/8/2np4/5P2/4P3/P1P2P1P/R4R1K w - - 0 21	0.5
827	3rr3/ppp3kp/3bpnp1/3p4/3B4/2NQP2P/PPP2PB1/1K1RR3 b - - 0 16	0.5
827	3rr3/pp4k1/2pbpnpp/3p4/3B4/2NQPB1P/PPP2P2/1K1R2R1 b - - 1 18	0.5
827	7r/pp6/2pb3p/3pk3/3R2B1/4P2P/PPP2P2/1K1R4 b - - 3 26	0.5
828	5br1/p2Q1Npp/1p2pk2/8/P3PB2/7P/5PP1/1R4K1 b - - 0 23	1.0
828	3r1k2/4b1pp/1Q2p3/8/P3PBN1/7P/5PP1/1R4K1 b - - 0 27	1.0
829	r1k1r3/p1p2p1p/2pb1np1/5b2/3P4/2P1BN2/PP3PPP/RN1Q1RK1 w - - 0 13	0.5
829	r1k1r3/p1p2p1p/2pb2p1/8/3P2n1/2PbBN2/PP1N1PPP/R2QR1K1 w - - 4 15	0.5
829	8/p1k5/2p3p1/8/3PPb2/2P2N2/Pr1Nb1PP/3R2K1 w - - 0 23	0.5
829	8/p1k5/2p3p1/8/3PPb2/2P2N2/r5PP/4R1K1 w - - 0 25	0.5
829	8/p1k5/2p3p1/4P3/4P3/2P5/2r3PP/4R1K1 w - - 1 27	0.5
829	8/p1k5/2p3p1/4P3/4P3/2P5/2r3PP/1R4K1 w - - 5 29	0.5
829	8/R7/2p1k3/4P1p1/4P3/2P1K3/6rP/8 w - - 0 35	0.5
831	3rkb1r/pp1bpppp/2n2n2/6N1/5P2/2N5/PPPQ2PP/R1B1R1K1 b k - 7 11	0.5
831	6k1/pp3ppp/4p3/8/P3RPN1/8/1Pn2KPP/3r4 b - - 2 27	0.5
831	2R5/pp3Npk/4p3/7p/P4P2/8/1rn2KPP/8 b - - 0 31	0.5
831	2R5/pp3Npk/4p3/7p/P2n1P1K/1r6/6PP/8 b - - 4 33	0.5
831	2R5/pp5k/4p1p1/4N1Kp/P2n1P2/8/6PP/1r6 b - - 3 35	0.5
832	rnb2r2/ppp1k2p/8/8/4Bp2/8/PP2NPPP/RN3RK1 b - - 1 16	0.5
832	3k4/N1p4p/2p5/8/5N2/8/bP3PPP/6K1 b - - 0 24	0.5
832	8/3k3p/2p1N3/8/4bN1P/8/1P3P2/6K1 b - - 2 28	0.5
832	8/8/2pkN2p/7P/1P2bN2/8/5P2/6K1 b - - 0 30	0.5
832	8/8/1P5p/7b/3N1k2/8/5P1K/8 b - - 0 36	0.5
833	r1b1kb1r/ppp1pppp/5n2/4P3/8/2N1B3/PP3PBP/R2QK2R b KQkq - 0 10	0.5
833	B2k1b1r/p1p1pppp/8/4P3/8/2N1n3/PP3P1P/R3K2R b KQ - 0 14	0.5
833	3k1b1r/p1p1pppp/8/4P3/4B3/2N5/PP2KP1P/n6R b - - 1 16	0.5
836	r2qk1nr/ppp1p1bp/2n1bpp1/8/3PP3/2N2N2/PPP2PPP/R1BQ1RK1 w - - 1 8	0.5
838	rn3rk1/1pp2pp1/7p/4P3/2q3b1/5N2/1PP1PPPP/4KB1R w K - 0 13	0.0
838	5rk1/1pp2pp1/2n5/4P1p1/6P1/2K5/1PP3PP/5q2 w - - 0 19	0.0
840	2bq1Bk1/1ppp4/2n5/4b1p1/4P3/2r5/P4PPP/R4RK1 w - - 0 20	0.0
840	2b5/1ppp3k/2n5/4b1q1/4P3/2r5/P4PPP/R4RK1 w - - 0 22	0.0
844	4r1kr/pppb1p1p/2nb4/5n2/4P3/3B1N2/PPP2PPP/R2QK2R w KQ - 3 13	0.5
844	4r1kr/ppp2p1p/4b3/8/2PnPb2/3B4/PP3PPP/2RQ1RK1 w - - 0 17	0.5
845	8/7k/1pp1B1pp/p3Bp2/8/8/PP3PPP/1K6 b - - 0 29	0.5
847	5rk1/1rp2ppp/b1N1p3/2b1P3/6q1/2NP2P1/PPP2P1P/R4RK1 w - - 1 17	0.5
847	5rk1/2p2ppp/2N1p3/2b1P3/4P3/6P1/r1P2P1P/2R3K1 w - - 0 21	0.5
847	5rk1/2p2ppp/2N1p3/2b1P3/4P3/5rP1/2P2P1P/2R3K1 w - - 4 23	0.5
847	4r1k1/2p2ppp/2N1p3/2b1P3/2P1P3/2r3P1/5P1P/5RK1 w - - 1 25	0.5
851	r1b1k2r/pppp1ppN/4p3/8/3nPq2/2N5/PPP3PP/R3KB1R w KQkq - 0 11	0.5
851	r1b1kr2/pppp1pp1/4p3/8/3nP3/2N5/PPP3PP/R4K1R w q - 0 13	0.5
851	1rb1kr2/pp1p2p1/2n1p3/2p1Pp2/8/8/PPP1NKPP/2R4R w - - 1 17	0.5
853	r3kbnr/ppp1pppp/2n5/8/8/3P3P/PP3PBP/RNB1K2R b KQkq - 2 7	0.5
853	r3kb1r/p1p1pppp/2p2n2/8/8/2NP3P/PP3P1P/R1B1K2R b KQkq - 1 9	0.5
853	6k1/2p1bpp1/2p4p/p2n4/P1PP4/7P/2K2P1P/4R3 b - - 0 25	0.5
853	5k2/2p1bpp1/2p4p/p3R3/PnPP4/2K4P/5P1P/8 b - - 4 27	0.5
854	7r/p4k1p/6p1/1P6/4R3/8/PP2P2P/4K3 w - - 3 29	0.5
854	1r6/p6p/4k1p1/1P6/4PR2/8/PP5P/4K3 w - - 1 31	0.5
854	5R2/p3k2p/6p1/1P6/P3P3/4K3/1P5P/3r4 w - - 7 35	0.5
855	r1bk1b1r/pp3ppp/2n2n2/2p5/P4B2/2N2N2/1PP2PPP/R3KB1R b KQ - 5 9	0.5
855	r3kb1r/pp3ppp/2n1bn2/2p3N1/P4B2/2N5/1PP2PPP/2KR1B1R b - - 9 11	0.5
855	4kb1r/pp3ppp/2n1bn2/2p3N1/P4B2/2N5/1PP1BPPP/2KR4 b - - 0 13	0.5
855	8/p5p1/p1n2k2/3p4/2p5/8/1PP1BPPP/1K6 b - - 1 27	0.5
855	8/p2B2p1/5k2/3p4/p4n2/2P3P1/2PK1P1P/8 b - - 0 33	0.5
858	6k1/1p1r1p1p/p1n2Qp1/2R1p1N1/P7/8/1P3PPP/4R1K1 b - - 2 27	0.5
861	r1b1k2r/pppp1ppp/2nb1q2/8/3P4/4B2N/PPP1PPPP/R2QKB1R w KQkq - 3 7	0.0
861	4rrk1/pp3ppp/2pp4/8/3P4/2PP4/PP3PPP/1KBq1B1R w - - 0 19	0.0
861	5rk1/pp3ppp/2pp4/8/P2P4/2PP3P/KP3PP1/5q2 w - - 0 23	0.0
861	5rk1/pp3ppp/3p4/P2p4/8/2PP3P/KP3Pq1/8 w - - 0 25	0.0
861	1r4k1/p4ppp/p2p4/3p4/5P2/2PP3P/KP4q1/8 w - - 1 27	0.0
862	3r1rk1/5p2/2p4p/p3bp2/8/P6P/5P2/4R1K1 b - - 1 27	0.5
862	3r2k1/5p2/2p1r2p/p3bp2/P7/7P/5P2/2R3K1 b - - 0 29	0.5
863	2b3k1/1ppp3p/4p1p1/1q3n2/8/7R/6P1/6K1 b - - 1 30	0.0
863	2b3k1/1ppp3p/4p1p1/5n2/8/1R6/6PK/4q3 b - - 5 32	0.0
863	2b3k1/1pp4p/4p1p1/2R2n2/3p4/8/6PK/4q3 b - - 1 34	0.0
863	2b3k1/1p5p/2p1p1p1/2R2n2/3p2P1/7K/5q2/8 b - - 2 36	0.0
864	4rk2/2pp1pp1/6p1/p3n3/P3P2P/2P1N1P1/1P3P2/3R2K1 b - - 0 29	0.5
865	2rqk2r/pp4pp/2nb4/2nN1p2/8/4P3/PPP1BPPP/R2QK2R w KQk - 1 13	0.5
865	2r2k1r/pp4pp/2n5/2nN1p1B/8/4P1Pq/PPP2P2/R2Q1RK1 w - - 3 17	0.5
865	2r3kr/pp4pp/2n5/3N1p1B/2P1n3/4P1Pq/PP3P2/2RQ1RK1 w - - 1 19	0.5
868	3rkr2/1p2p1pp/p4n2/3p1p2/3P4/2NB4/PPP2PPR/R2QK3 b Q - 0 15	1.0
868	3rk3/1p3rpp/p3pn2/3p1p2/3P3R/2NB1Q2/PPP2PP1/R3K3 b Q - 3 17	1.0
868	3rk3/5rp1/p3p2p/1p1p1p2/3P3R/2NB2Q1/PPP3P1/1K1R4 b - - 1 21	1.0
868	6k1/5rp1/4N1QR/pr1p1p2/1p1P4/8/PPP3P1/1K1R4 b - - 0 27	1.0
870	2rqr1k1/pp1n1pp1/8/3N1Q1p/4p3/P3B3/1P3PPP/4RRK1 b - - 0 18	1.0
870	2rqr3/pp1n1Qpk/8/3N3p/3Bp3/P7/1P3PPP/4RRK1 b - - 2 20	1.0
871	r1b1r1k1/pppp1p2/3b1q2/6p1/2PP4/P2B4/1P3PPP/R4RK1 w - - 0 16	0.0
871	4r1k1/ppp2p2/8/2Pp2P1/8/P2q3b/1P3P1P/5RK1 w - - 0 22	0.0
872	3rr1k1/1p3ppp/pnp2n2/3p1Q2/1P1Pp3/2N4P/2P1PPBP/3RR1K1 b - - 2 18	0.5
873	r3k2r/p4ppp/1pnb4/8/2P3b1/2N1P1Pq/PP3P1P/R1B2RK1 w kq - 1 13	0.0
874	r1bq2n1/pp3ppr/2nk4/8/8/2P2P2/PP1NP1PP/R3KBNR w KQ - 2 13	0.5
874	rk6/pp1n2p1/7q/8/1PnNP2r/2P2P2/P5PP/1K1R3R w - - 1 25	0.5
876	r2qk2r/ppp2pp1/2nbpn1p/8/3P4/2NQPN2/PP3PPP/R1B1K2R w KQkq - 1 11	0.0
876	r2q1rk1/ppp2pp1/2nbp2p/8/3P2n1/2NQPN2/PP1B1PPP/R4RK1 w - - 5 13	0.0
876	r4rk1/ppp2pp1/2n1p2p/6q1/3P2n1/2NQP3/PP1B1PPb/R4R1K w - - 0 15	0.0
876	r4r2/ppp2ppk/2n1p2p/8/3PN1nq/4P3/PP1B1PPb/R4R1K w - - 2 17	0.0
877	4r2k/2P2R2/1p4p1/p3p1N1/Pb2B2p/1P2P2P/6PK/3r4 b - - 0 29	0.5
880	6k1/Bpp2ppp/8/8/8/4K3/P1r3PP/7r w - - 0 29	0.0
880	6k1/1pp2ppp/8/8/4K3/4B3/r6P/7r w - - 0 31	0.0
880	6k1/1pp2ppp/8/5K2/5B2/8/5r1P/4r3 w - - 4 33	0.0
880	6k1/1pp2p1p/8/5Kp1/5B2/8/5r1P/6r1 w - - 0 35	0.0
880	6k1/1pp2p1p/8/3K2p1/5r2/8/7P/r7 w - - 2 37	0.0
881	3r4/2p3pp/2k1P1n1/1p1p1B2/p7/2P1R3/1PK3PP/R7 b - - 0 26	0.5
882	5rk1/pb3p1p/1q3p2/8/4PP2/6N1/P1r2RPP/5RK1 w - - 0 25	0.0
882	5rk1/p4p1p/b4p2/P7/4PP2/4q1N1/2r2RPP/5RK1 w - - 1 27	0.0
882	5rk1/p4p1p/5p2/P7/4q3/7P/2r1b1P1/1R5K w - - 0 31	0.0
883	r1bqk1nr/ppppbppp/2n5/4P3/3P4/2N5/PPP1P1PP/R1BQKB1R w KQkq - 2 7	0.0
883	2r2k2/ppp2q2/8/2P1r2p/3np3/6P1/PP2P2P/2R1K3 w - - 0 25	0.0
884	rnb1k2r/pp3p1p/3bpnp1/6q1/3PP3/2N5/PPP2PPP/R2QK2R w KQkq - 0 11	0.5
884	rnb1k2r/pp3p1p/4p1p1/4b3/7q/2N4P/PPP2PP1/R2Q1RK1 w kq - 0 15	0.5
885	r1bqkb1r/pp2pppp/3p1nn1/8/3P4/2N2N2/PPP2PPP/R1BQKB1R w KQkq - 1 7	1.0
885	r3kb1r/pp1qpppp/3p1nn1/8/3P4/2N2N2/PPP2PPP/R1BQK2R w KQkq - 0 9	1.0
887	2kr2nr/ppp3pp/n7/8/2P4P/2P4N/P4PP1/R1B1KB2 w Q - 1 13	0.0
887	2k5/ppp3pp/8/8/1P5P/8/P1r1rPPn/1R1K4 w - - 0 23	0.0
888	3k4/1pp5/4pp2/2b5/r5n1/8/1P6/1KB5 b - - 2 30	0.5
888	3k4/1pp5/4pp2/2b1n3/3r4/1P6/K7/2B5 b - - 2 32	0.5
891	r2qkb1r/p1pnpppp/8/8/4B3/P4N2/1PPP2PP/RNBQK2R b KQkq - 0 10	0.0
893	r6k/1ppR2p1/4Q2p/p7/1b6/8/1PP2PPP/5RK1 b - - 2 23	1.0
894	6n1/R4R2/6pk/7p/8/2N5/1B2P1P1/4KB2 w - - 1 27	1.0
895	3r3k/ppp2Qpp/2n5/5p2/6b1/2P5/P1P2RPP/4R1K1 b - - 0 21	0.5
895	1r5k/pp3Qp1/2n4p/5p2/6b1/2P5/P1P2RPP/4R1K1 b - - 2 23	0.5
895	1r5k/pp3Qp1/2n3Rp/5p2/6b1/2P5/P1P2RPP/6K1 b - - 6 25	0.5
895	6rk/pQ4p1/3R3p/4np2/6b1/2P5/P1P2RPP/6K1 b - - 2 27	0.5
895	6rk/4Q1p1/6Rp/p4p2/2n3b1/2P5/P1P2RPP/6K1 b - - 3 29	0.5
896	r2qkb1r/p1p1ppp1/p3bn1p/8/3nP3/1PN5/P1PP1PPP/R1BQ1RK1 w kq - 0 9	0.5
896	2rqkb1r/p3ppp1/p3bn1p/2p5/3nP3/1PN5/PBPP1PPP/2RQ1RK1 w k - 0 11	0.5
896	2r5/p5p1/p3k2p/5R2/1b1p2PP/3P4/2P2P2/6K1 w - - 1 31	0.5
897	3rr1k1/p4ppp/p3p3/3N4/P1b1P3/2N3PP/2PK1P2/8 w - - 1 23	0.0
897	1r4k1/p4ppp/8/Pp6/2b4P/6P1/1KP2P2/4r3 w - - 0 29	0.0
897	6k1/p4ppp/Pr6/7P/1pb5/6P1/1KP2P2/4r3 w - - 1 31	0.0
898	3r4/ppp3p1/5kN1/8/8/4P3/PP2KP1P/8 w - - 2 25	0.5
898	3r4/ppp5/5k2/8/6p1/3NP3/PP2KP1P/8 w - - 0 27	0.5
898	3r4/p1p5/8/1p2Pk2/6p1/3N4/PP2KP1P/8 w - - 1 29	0.5
898	3r4/p1p5/8/1pN1k3/1P4p1/8/P3KP1P/8 w - - 0 31	0.5
898	8/p1p5/8/1pN1k3/1P6/5K2/P2r3P/8 w - - 1 33	0.5
900	r2qkb1r/ppp1pppp/5n2/3pN3/8/2P1P3/P2N1PKP/R1BQ1R2 b kq - 0 10	1.0
901	4k2r/4ppb1/2p1b2p/8/P3q3/2P4P/3K1P2/Q6R w k - 0 24	0.0
901	4k2r/4ppb1/2p1b2p/8/P7/2P4P/4KP2/q7 w k - 0 26	0.0
902	r1bq2k1/1pppp1bp/2n1p1p1/p7/3PNr2/3B1N2/PPP2PPP/R2QK2R w KQ - 0 10	0.5
902	r1bq2k1/1ppp2b1/2n1ppp1/p7/3P1r2/5N2/PPP2PPP/R2QK2R w KQ - 0 12	0.5
902	6k1/1pp3b1/5pp1/p3p3/P6P/1b3P2/3r2P1/6K1 w - - 0 30	0.5
902	6k1/1pp3b1/5p2/p3p3/P6p/1b3P2/3r2PK/8 w - - 0 32	0.5
903	r2qkb1r/p3pppp/4bn2/8/P2pP3/3B4/1PP2PPP/RNBQK2R w KQkq - 0 10	1.0
906	3r2k1/5ppp/pnB1p3/4P3/1P6/2p2N2/P3K1PP/7R w - - 1 24	0.5
906	3r2k1/5ppp/p1B1p3/4P3/1Pn5/5N2/P1p2KPP/4R3 w - - 2 26	0.5
906	6k1/5Np1/p3p3/4P3/1P2B1K1/4q3/P2r2PP/8 w - - 0 36	0.5
908	r1b1kb1r/pp3ppp/5n2/2P1p3/2n1P1q1/2N1B3/PPP1NPPP/3RKB1R w Kkq - 2 9	0.0
908	r1b1k2r/pp3p1p/7p/2b1p3/2n1q3/3R4/PPP1NPPP/4KB1R w Kkq - 0 13	0.0
908	r2k3r/pp3p1p/7p/2b1pb2/8/1PP5/Pn1KBPPP/7R w - - 3 19	0.0
908	r2k3r/pp3p1p/7p/2b1p3/8/1PPb4/P4PPP/2K4R w - - 0 21	0.0
912	rn4k1/1pp2ppp/pr6/4p3/6b1/K2B4/P1P2PPP/R1B4R b - - 4 17	0.5
912	r5k1/1pp2ppp/p1n5/4p3/1r4b1/K2BB3/P1P2PPP/R3R3 b - - 8 19	0.5
916	8/pp3pkp/6p1/2p5/4p3/1P2P2N/P4PP1/4K3 w - - 0 27	0.5
916	8/pp6/4Nkp1/5p1p/2P1p3/4P3/P3KPP1/8 w - - 2 31	0.5
917	5b1r/pp1Qp1pp/2p3k1/4R3/4n3/3P4/PPP3PP/R1B3K1 b - - 0 17	1.0
917	5b1r/pp2p1p1/2p1Qnk1/4R2p/8/3PB3/PPP3PP/R5K1 b - - 1 19	1.0
917	5b1r/pp2pQpk/2p2n2/4R3/7p/3PB3/PPP3PP/3R2K1 b - - 1 21	1.0
920	r1b1k2r/pppp3p/2n2p2/2b5/6P1/2N2q2/PPPP1PRP/R1B1KB2 w Qkq - 2 12	0.0
924	r3k1nr/pppn1ppp/8/4p3/2B5/4K2P/PPP4P/RN1Q3R b kq - 2 10	1.0
924	r4rk1/pppn1ppp/5n2/4p3/2B5/2NQK2P/PPP4P/R6R b - - 6 12	1.0
924	3r1rk1/ppp2ppp/5n2/2n1pQ2/2B5/2N4P/PPP2K1P/R6R b - - 10 14	1.0
924	4r1k1/pppn1ppp/5n2/4pQ2/2B5/2N4P/PPP4K/4R1R1 b - - 2 18	1.0
924	4rk2/pppQ1ppp/8/3np3/2B5/7P/PPP4K/4R1R1 b - - 0 20	1.0
925	5r2/p1p2ppk/1p3n2/8/2nrP3/3N1P2/PPP3PP/2K1R3 w - - 2 21	0.5
925	3r4/p1p2ppk/1p3n2/8/3rP3/3NnP2/PPP3PP/1K1R4 w - - 6 23	0.5
925	3r2k1/p1p2pp1/1p3n2/8/2r1P3/3NnP1P/PPPR2P1/1K6 w - - 1 25	0.5
925	3r2k1/2p2pp1/1p3n2/8/p1r1P3/3NnP1P/PPPR2P1/1K6 w - - 0 27	0.5
925	3r2k1/2p2pp1/8/1p1nP3/p1r5/3NnP1P/PPP2RP1/1K6 w - - 1 29	0.5
925	3r2k1/2p2pp1/8/4PP2/2r5/p1nNn2P/P1P2RP1/K7 w - - 0 33	0.5
927	rn2k1nr/pp2qpb1/2p4p/6p1/6b1/2N5/PPPPBPPP/R1BQK1NR w KQkq - 4 8	0.0
927	rn2k2r/pp2qpb1/2p2n1p/6p1/8/2N2P2/PPPPBP1P/R1BQK2R w KQkq - 1 10	0.0
927	3rr1k1/1pq2pb1/p1p5/5Bp1/2nPP3/8/PPP2P1P/2RQR1K1 w - - 0 20	0.0
927	2r1r3/1p3kb1/p1p5/6p1/2nPPq2/2P5/PP3P1P/2R1R1K1 w - - 0 24	0.0
928	1r4k1/p4ppp/2nb4/1p1n1q2/1P1P4/P3P1PP/4P3/3RKBR1 w - - 0 19	0.0
928	1r4k1/p4ppp/3b4/1p6/1P1n4/P5PP/3KP3/5q2 w - - 0 25	0.0
932	rnb1k3/ppp2ppr/8/3p4/4n3/PP3KP1/2PB1bP1/RN1Q1BN1 w q - 0 11	0.5
932	5r2/ppp1kn2/2b5/5p2/8/PPN3K1/2P3P1/R7 w - - 0 27	0.5
932	7r/ppp5/2b3k1/4np2/8/PPN5/2P3P1/3R2K1 w - - 8 31	0.5
934	1rb5/p1pp1k2/4p3/1pK3B1/6N1/7r/PPP1P3/RN3n2 w - - 3 21	0.5
934	1r6/p1pb1k2/3pp3/1p4B1/4n1N1/1KN4r/PPP1P3/4R3 w - - 4 25	0.5
934	1r2k3/p1p5/2bppB2/8/8/2K2P2/PPP5/8 w - - 1 31	0.5
934	r3k3/B1p5/3pp3/8/8/2K2b2/PPP5/8 w - - 1 33	0.5
934	4k3/2p5/3p4/4p3/8/2K1Bb2/rPP5/8 w - - 0 35	0.5
935	2bqk2r/1pp2ppp/1p3n2/3pn3/8/2P1P3/4BPPP/Q3K2R b Kk - 2 12	0.5
935	3q1rk1/1pp2ppp/1p3n2/3pnb2/8/2P1P3/4BPPP/Q2R2K1 b - - 6 14	0.5
935	1r4k1/Rp3ppp/1p6/3P3n/2p3bP/8/7K/8 b - - 0 32	0.5
936	2r5/ppN2k2/6p1/3P1b2/6nn/8/PPPP2PP/R1B2BKR w - - 5 17	0.5
936	6k1/R7/6p1/8/4b1P1/8/PPrP2P1/R1B2BK1 w - - 1 23	0.5
936	7k/R7/6p1/1B1b4/P5P1/8/1PrP2P1/R1B3K1 w - - 1 25	0.5
936	3R4/7k/6p1/8/P1r3P1/8/1P1P2P1/R1B3K1 w - - 2 31	0.5
937	r2q2k1/ppp3r1/5p2/1N1p1R2/8/3P4/P6P/5R1K b - - 1 23	0.5
938	4k1r1/3r1pp1/1BB1p3/p3P1b1/PpP5/1P4PP/2K2P2/4R3 b - - 2 33	0.5
939	3r1rk1/pp3pp1/2pbpn2/4q3/6p1/P2BN1N1/1P1P1P1P/R1B1K2R w KQ - 6 17	0.0
940	r1b1qk1r/ppp1b1pp/2n2n2/8/2B2P2/4P3/PPP3PP/RNBQ1RK1 w - - 3 11	0.5
940	3rqk1r/ppp1b1pp/2n2n2/5b2/2B2P2/2N1P3/PPPB2PP/R2Q1RK1 w - - 7 13	0.5
940	5k1r/ppp3p1/2n3p1/8/2B1bP2/P3P3/1PPr2PP/2R2RK1 w - - 0 19	0.5
940	5k2/ppp3p1/2n3p1/8/2B1bP2/P3P3/1PP2KPr/2R5 w - - 0 21	0.5
940	5k2/ppp3p1/2n3p1/7r/2B2P2/P3P1K1/1Pb3P1/6R1 w - - 2 23	0.5
940	5k2/ppp3p1/2n3p1/8/2B1bP1r/P3P3/1P3KP1/6R1 w - - 6 25	0.5
940	5k2/1pp3p1/2n3p1/p7/2B1bPr1/P3P1P1/1P3K2/3R4 w - - 0 27	0.5
942	3k3r/p1pn1ppp/2B1pn2/8/1QN2B2/8/PP2PP1P/R3K2R b KQ - 4 11	1.0
942	5n2/p1p1kpQp/2B1pn2/8/2N2B2/8/PP2PP1P/3RK2R b K - 0 15	1.0
943	r1k2b1r/pppbpNp1/2n4p/3Q4/P4B2/2P5/1P3PPR/R3K3 b Q - 5 14	1.0
943	r1k2br1/pppb1Np1/2n1p2p/7R/P4B2/2PQ4/1P3PP1/R3K3 b Q - 3 16	1.0
943	r1k3r1/p1pbbNp1/1pn1p2p/1R6/P4B2/2PQ4/1P3PP1/2KR4 b - - 1 18	1.0
946	4Q3/7k/5p2/5p2/5p2/2N2N2/Pr1P1P1P/R3K2R w KQ - 6 25	1.0
947	2r5/p3kBpp/1p3n2/4p3/1P6/2N2KP1/P6P/3R4 w - - 3 25	0.5
947	3R4/p5pk/8/1p2K2p/1P5P/6P1/P1r5/8 w - - 6 33	0.5
947	8/p5pk/8/1R2K2p/1P5P/6P1/3r4/8 w - - 1 35	0.5
948	r5r1/p5pp/2p3k1/1p6/4n3/BP6/P1K1NRP1/8 w - - 3 23	0.5
948	r7/6pp/7k/p7/Kp2nN2/1Pp5/P5P1/2B5 w - - 2 35	0.5
949	r2qk2r/1pp3pp/p2p1pn1/3P1R1Q/4P3/P2B2B1/1P4PP/3R2K1 b - - 2 20	0.5
949	2rqk2r/1p4pp/p2p1pn1/2pP1R1Q/4P3/P2BB3/1P4PP/3R2K1 b - - 1 22	0.5
950	2q3k1/P1p2pp1/2p4p/2p1p3/2B1P3/2BP4/5PPP/5K2 b - - 2 31	0.5
951	2k3n1/1pp3p1/p3bp2/7r/3r4/2NP4/PPP2PP1/3R1RK1 w - - 0 19	0.5
952	8/5r1k/5bp1/p1R5/1p3BPp/1P5P/P1n2P1K/3r4 b - - 2 31	0.5
953	4kb1r/p1qpppp1/8/8/1r1Pb3/7P/PPP2PP1/R2QK1NR w KQk - 0 11	0.5
953	3k4/6R1/8/p2N4/3bp1P1/8/4K3/r7 w - - 0 33	0.5
957	3rk3/pp2p3/2n4p/5p2/1q6/8/PbK1PPP1/1R3Q2 b - - 3 21	0.0
960	rnbq1r1k/pp1p2pp/5n2/1p4N1/3P4/1QPBP3/P2N2Pb/R4R1K b - - 1 14	1.0
961	r2qkb1r/pQp1p1pp/2np1n2/5p2/2P5/N3PP2/PP1PKP1P/R1B4R b kq - 0 9	0.0
962	2bqk1r1/rppp1p1p/2nbp3/8/P4n2/3P1N2/1PP1PPPP/RN1QKB1R w KQ - 0 9	0.5
962	2bqk3/rppp1p1p/3bp3/6r1/P2n1n2/3P4/1PP1PPPP/RN1QKBR1 w Q - 2 11	0.5
962	2b1k3/rppp1p1p/3bpq2/6r1/P2n4/3P4/1P2PPPP/RN1QKB1R w Q - 1 13	0.5
962	2b1k3/rppp1p1p/3bp3/3r4/P2n1q2/3P4/1P2PPPP/R2QKB1R w Q - 0 15	0.5
962	4k3/rbpp1p1p/4p3/4b3/P7/3PK3/1Pr2PPP/R6R w - - 0 21	0.5
962	4k3/rbpp1p1p/3bp3/8/P2P4/3K4/1P3rPP/R6R w - - 0 23	0.5
962	4k3/rbpp1p1p/3bp3/8/P2P4/2K5/6rP/R6R w - - 0 25	0.5
963	k5r1/2Q1R3/8/5N1p/P1N5/8/1P3PPP/1K6 w - - 1 30	1.0
964	1r2k3/2p2rb1/2b1p3/q3P1Bp/3n4/3B4/1P3PPP/1R1R2K1 w - - 0 28	0.5
964	8/2p2kb1/2b1p3/2B1q2p/8/8/4nPPP/3R3K w - - 2 34	0.5
967	2r5/1p1R1pk1/4Rp1p/p7/2p3P1/2P5/P4PPK/1r6 b - - 3 26	0.5
967	3R4/1p3pk1/5p1p/p7/2p3P1/2P5/P4PPK/4r3 b - - 0 28	0.5
967	R7/1p3pk1/5p1p/p7/P1p3P1/5PK1/6P1/2r5 b - - 2 32	0.5
968	4rrk1/pp1n1ppp/3p1n2/1P1p1p2/3P4/2q1PN2/P1P2PPP/R2Q2KR w - - 2 13	0.5
968	4rrk1/pp3ppp/3p1n2/1P1p1p2/3Pn3/2q1PN2/P1P1QPPP/2R3KR w - - 6 15	0.5
968	3r1rk1/1p3ppp/1P1p1n2/p2p1p2/P2Pn3/2q1P2P/2P1QPP1/5RKR w - - 1 21	0.5
970	4rb1r/pk3pp1/1p2p2p/1N1nB3/3P4/5N2/P1Q2PPP/1R3RK1 b - - 2 19	1.0
971	r1b1kbr1/pp2p1p1/7p/2p2p2/3n4/7N/PP1Q1PPP/RNB2RK1 b q - 1 11	1.0
975	r1b1k3/ppp1p2p/3p1n1N/5Pr1/2P2p2/8/PP1P2PP/RNB1KB1R w KQ - 3 15	1.0
978	r2qkb1r/p1p3pp/1p1pp3/8/3nPB2/2N5/PP3PPP/R2Q1RK1 b kq - 0 12	0.5
978	1k1r3r/p3b1pp/1pQp4/2pN4/4Pp2/P7/1P3PPK/2R1R3 b - - 0 20	0.5
978	k2r1r2/p5Q1/1p1p4/2p4p/4Pp2/P7/1P3PP1/2R1R1K1 b - - 1 26	0.5
980	3rkb1r/ppQnp1p1/2n1B2p/8/5P2/5N2/PPP3PP/RNB1K2R b KQk - 8 12	1.0
980	3rkb1r/1pQnp1p1/2n1B2p/8/p4P2/5N2/PPP3PP/RNBR2K1 b k - 1 14	1.0
982	3k4/5pp1/8/2b1p3/2P5/2N5/5r2/2K5 b - - 1 33	0.5
983	4r1k1/ppp2p1p/7p/5P1P/3pP3/3Pq3/PPP3PK/R7 w - - 0 21	0.5
983	3r4/ppp2pkp/7p/5P1P/P2pP3/3Pq3/1PP3PK/3R4 w - - 1 23	0.5
983	3r4/p4pkp/P6p/2p2P1P/1p1pPq2/3P4/1PP3P1/4R1K1 w - - 0 27	0.5
983	8/p4pkp/P2r3p/2p2P1P/1p1pP3/1P1Pq3/2P3PK/5R2 w - - 7 31	0.5
984	5r2/1pN3kp/3p2p1/2p5/2P1Pp1P/1p6/5KP1/3R4 b - - 0 28	0.5
984	5k2/1p5p/3p2p1/2p5/2P1P2P/5K2/1p4P1/1R6 b - - 0 32	0.5
985	8/1p2kp1p/1P1R4/4p3/r7/2n2P2/2P4P/2K5 w - - 1 31	0.5
987	r6r/ppp1nkpp/2n1b3/2Q3B1/P2p4/5N2/1PP2PPP/RN2K2R b KQ - 2 12	1.0
987	r3k1r1/pp1n2pp/3Bb3/8/P2p1Q2/8/1PP2PPP/RN2K2R b KQ - 6 18	1.0
987	4r2k/1p2r1pp/p3b2Q/P3B3/4P3/8/1PP3PP/3R1RK1 b - - 7 32	1.0
988	r2qkb1r/ppp1pppp/2n2n2/8/6b1/2N2N2/PPPP2PP/R1BQKB1R w kq - 1 7	0.5
990	3r4/p1p1kp1p/P7/4n3/1p3pP1/8/4P2P/3r1BK1 w - - 0 27	0.0
990	8/p1p1kp1p/r7/4n1P1/1p3p1P/8/4P3/3r1BK1 w - - 0 29	0.0
990	8/p1p1kp1p/8/4n1PP/1p3p2/8/4P2K/r4r2 w - - 0 31	0.0
990	8/p1p1kp1p/8/4n1PP/1p3p2/6r1/4P2K/r7 w - - 4 33	0.0
993	r1b1k1nr/ppp1pqbp/5pp1/8/P2nPP2/2NP4/1P4PP/R1BQ1RK1 w kq - 3 11	0.5
993	r1b1k1nr/1p3qbp/4ppp1/p7/PN1pPP2/3P4/1P4PP/R2Q1RK1 w kq - 0 15	0.5
994	r2q1bnr/1pp1p2p/n1k5/3p1QP1/8/2N5/PPPP2PP/R1B1K1NR b KQ - 0 9	1.0
994	R7/1pp1Q3/6p1/3p4/2kP4/8/2P1N1P1/2B1K3 b - - 0 23	1.0
995	r1bqkb2/ppppppp1/8/6r1/3NP1n1/2NP4/PPP2PPP/R3KB1R w KQq - 0 8	0.5
995	r1bqk3/pppp1pr1/8/4p3/4P3/3PbP2/PPP3PP/R2K1B1R w q - 0 14	0.5
995	r1b1k3/pppp1p2/5q2/4p3/4P2P/3PbPr1/PPP3P1/R3KB1R w q - 3 16	0.5
995	r3k3/ppp2p2/3pbq2/4p2P/4P3/3PbPr1/PPP3P1/3RKB1R w q - 1 18	0.5
995	1k1r4/ppp2p2/3pbq2/4p2P/P1P1P3/3PbPr1/1P4P1/3RKB1R w - - 1 20	0.5
995	1k1r4/ppp2p2/3pb2P/P3p3/2PbPq2/3P1Pr1/1P4P1/3RKB1R w - - 1 22	0.5
996	rn2k1nr/p1p2ppp/b7/2b5/8/8/PPP3PP/RN2K1R1 w kq - 3 13	0.0
996	rn2k2r/pbp2ppp/5n2/2b5/8/8/PPP3PP/RN3K1R w kq - 7 15	0.0
996	rn3rk1/p1p2ppp/b4n2/2b5/8/2N5/PPP3PP/R3K2R w - - 11 17	0.0
996	rn3rk1/p1p2ppp/5n2/2b5/8/2N5/PPP3bP/R1K4R w - - 0 19	0.0
996	r4rk1/p1p2ppp/2n2n2/8/8/2N1b3/PPP3bP/RK1R4 w - - 4 21	0.0
996	1r4k1/p1N2ppp/5n2/8/4bb2/1P3n1P/P1Pr4/RKR5 w - - 5 29	0.0
996	2r3k1/p4ppp/5n2/4b3/1N2b3/1P3n1P/P1Pr4/RKR5 w - - 9 31	0.0
